/*
SQLyog Community v11.13 (64 bit)
MySQL - 5.5.31-0ubuntu0.13.04.1 : Database - webcms
*********************************************************************
*/

/*!40101 SET NAMES utf8 */;

/*!40101 SET SQL_MODE=''*/;

/*!40014 SET @OLD_UNIQUE_CHECKS=@@UNIQUE_CHECKS, UNIQUE_CHECKS=0 */;
/*!40014 SET @OLD_FOREIGN_KEY_CHECKS=@@FOREIGN_KEY_CHECKS, FOREIGN_KEY_CHECKS=0 */;
/*!40101 SET @OLD_SQL_MODE=@@SQL_MODE, SQL_MODE='NO_AUTO_VALUE_ON_ZERO' */;
/*!40111 SET @OLD_SQL_NOTES=@@SQL_NOTES, SQL_NOTES=0 */;
/*Table structure for table `albums` */

DROP TABLE IF EXISTS `albums`;

CREATE TABLE `albums` (
  `album_id` int(10) unsigned NOT NULL AUTO_INCREMENT,
  `title` varchar(255) NOT NULL,
  `date_created` timestamp NOT NULL DEFAULT CURRENT_TIMESTAMP,
  `date_modified` timestamp NULL DEFAULT NULL,
  `user_id` int(10) unsigned NOT NULL,
  PRIMARY KEY (`album_id`),
  KEY `user_id` (`user_id`)
) ENGINE=InnoDB AUTO_INCREMENT=4 DEFAULT CHARSET=utf8;

/*Data for the table `albums` */

insert  into `albums`(`album_id`,`title`,`date_created`,`date_modified`,`user_id`) values (1,'test','2012-08-13 14:56:38',NULL,1),(2,'test','2012-08-13 15:04:01',NULL,1),(3,'Весілля: гулянка в ресторані','2012-08-14 17:28:10',NULL,1);

/*Table structure for table `blog` */

DROP TABLE IF EXISTS `blog`;

CREATE TABLE `blog` (
  `blog_id` int(10) unsigned NOT NULL AUTO_INCREMENT,
  `title` varchar(255) CHARACTER SET latin1 NOT NULL,
  `content` text CHARACTER SET latin1 NOT NULL,
  `user_id` int(10) unsigned DEFAULT NULL,
  `datetime_created` datetime NOT NULL,
  PRIMARY KEY (`blog_id`),
  KEY `user_id` (`user_id`),
  KEY `datetime_created` (`datetime_created`),
  CONSTRAINT `blog_ibfk_1` FOREIGN KEY (`user_id`) REFERENCES `users` (`user_id`)
) ENGINE=InnoDB AUTO_INCREMENT=2 DEFAULT CHARSET=utf8;

/*Data for the table `blog` */

insert  into `blog`(`blog_id`,`title`,`content`,`user_id`,`datetime_created`) values (1,'Test title','Some new content is here',NULL,'2013-02-08 00:40:06');

/*Table structure for table `db_log` */

DROP TABLE IF EXISTS `db_log`;

CREATE TABLE `db_log` (
  `db_log_id` int(10) unsigned NOT NULL AUTO_INCREMENT,
  `date_added` timestamp NOT NULL DEFAULT CURRENT_TIMESTAMP,
  `session` char(32) NOT NULL,
  `sql` varchar(4094) NOT NULL,
  `binds` text,
  `duration` float(10,6) DEFAULT NULL,
  `caller` varchar(255) DEFAULT NULL,
  `result` varchar(255) DEFAULT NULL,
  PRIMARY KEY (`db_log_id`)
) ENGINE=InnoDB AUTO_INCREMENT=66 DEFAULT CHARSET=utf8;

/*Data for the table `db_log` */

insert  into `db_log`(`db_log_id`,`date_added`,`session`,`sql`,`binds`,`duration`,`caller`,`result`) values (1,'2013-06-29 01:39:02','f7e0701ad06093d91deda5180c5932b0','SET NAMES UTF8',NULL,0.000742,NULL,'1'),(2,'2013-06-29 01:39:18','f7e0701ad06093d91deda5180c5932b0','SELECT `user_auths`.auth_id, `user_auths`.user_id, `user_auths`.login, `user_auths`.hash FROM `user_auths` WHERE (login = ?) AND (hash = ?)','Array',0.004825,NULL,'1'),(3,'2013-06-29 01:39:18','f7e0701ad06093d91deda5180c5932b0','SELECT `albums`.album_id, `albums`.title, `albums`.date_created, `albums`.date_modified, `albums`.user_id FROM `albums` WHERE (album_id = ?)','Array',0.002422,NULL,'1'),(4,'2013-06-29 01:39:18','f7e0701ad06093d91deda5180c5932b0','SELECT `users`.user_id, `users`.email, `users`.date_created, `users`.username FROM `users` WHERE (user_id = ?)','Array',0.002032,NULL,'1'),(5,'2013-06-29 01:41:17','d85902401c3c9663dcf9dfc4bd614ce7','SET NAMES UTF8','null',0.000744,NULL,'1'),(6,'2013-06-29 01:41:20','d85902401c3c9663dcf9dfc4bd614ce7','SELECT `user_auths`.auth_id, `user_auths`.user_id, `user_auths`.login, `user_auths`.hash FROM `user_auths` WHERE (login = ?) AND (hash = ?)','[null,\"0d0c4ddd7cab8253149568aaccc1f72aa7f9acf8\"]',0.002451,NULL,'1'),(7,'2013-06-29 01:41:20','d85902401c3c9663dcf9dfc4bd614ce7','SELECT `albums`.album_id, `albums`.title, `albums`.date_created, `albums`.date_modified, `albums`.user_id FROM `albums` WHERE (album_id = ?)','[\"2\"]',0.002178,NULL,'1'),(8,'2013-06-29 01:41:20','d85902401c3c9663dcf9dfc4bd614ce7','SELECT `users`.user_id, `users`.email, `users`.date_created, `users`.username FROM `users` WHERE (user_id = ?)','[\"1\"]',0.002091,NULL,'1'),(9,'2013-06-29 01:41:53','6fc66f1a1f075ab2fcef6de658ee2be4','SET NAMES UTF8','null',0.000739,NULL,'1'),(10,'2013-06-29 01:41:53','6fc66f1a1f075ab2fcef6de658ee2be4','SELECT `user_auths`.auth_id, `user_auths`.user_id, `user_auths`.login, `user_auths`.hash FROM `user_auths` WHERE (login = ?) AND (hash = ?)','[null,\"0d0c4ddd7cab8253149568aaccc1f72aa7f9acf8\"]',0.002293,NULL,'1'),(11,'2013-06-29 01:41:53','6fc66f1a1f075ab2fcef6de658ee2be4','SELECT `albums`.album_id, `albums`.title, `albums`.date_created, `albums`.date_modified, `albums`.user_id FROM `albums` WHERE (album_id = ?)','[\"2\"]',0.002158,NULL,'1'),(12,'2013-06-29 01:41:53','6fc66f1a1f075ab2fcef6de658ee2be4','SELECT `users`.user_id, `users`.email, `users`.date_created, `users`.username FROM `users` WHERE (user_id = ?)','[\"1\"]',0.002131,NULL,'1'),(13,'2013-06-29 01:54:31','a6256e587ae62846b30f6c18047bfca5','SET NAMES UTF8','null',0.000746,NULL,'1'),(14,'2013-06-29 01:54:31','a6256e587ae62846b30f6c18047bfca5','SELECT `user_auths`.auth_id, `user_auths`.user_id, `user_auths`.login, `user_auths`.hash FROM `user_auths` WHERE (login = ?) AND (hash = ?)','[null,\"0d0c4ddd7cab8253149568aaccc1f72aa7f9acf8\"]',0.002182,NULL,'1'),(15,'2013-06-29 01:54:32','a6256e587ae62846b30f6c18047bfca5','SELECT `albums`.album_id, `albums`.title, `albums`.date_created, `albums`.date_modified, `albums`.user_id FROM `albums` WHERE (album_id = ?)','[\"2\"]',0.002195,NULL,'1'),(16,'2013-06-29 01:54:32','a6256e587ae62846b30f6c18047bfca5','SELECT `users`.user_id, `users`.email, `users`.date_created, `users`.username FROM `users` WHERE (user_id = ?)','[\"1\"]',0.002169,NULL,'1'),(17,'2013-06-29 01:54:38','fc210badec29400f02fc42a8c89b9475','SET NAMES UTF8','null',0.000741,'Class: Fw_Db_Query->(), in file /srv/www/dev/webCMS/__libs/Fw/Db/db.Query.php on line 320','1'),(18,'2013-06-29 01:54:42','fc210badec29400f02fc42a8c89b9475','SELECT `user_auths`.auth_id, `user_auths`.user_id, `user_auths`.login, `user_auths`.hash FROM `user_auths` WHERE (login = ?) AND (hash = ?)','[null,\"0d0c4ddd7cab8253149568aaccc1f72aa7f9acf8\"]',0.002319,'Class: Fw_Db_Query->(), in file /srv/www/dev/webCMS/__libs/Fw/Db/db.Query.php on line 320','1'),(19,'2013-06-29 01:54:42','fc210badec29400f02fc42a8c89b9475','SELECT `albums`.album_id, `albums`.title, `albums`.date_created, `albums`.date_modified, `albums`.user_id FROM `albums` WHERE (album_id = ?)','[\"2\"]',0.002288,'Class: Fw_Db_Query->(), in file /srv/www/dev/webCMS/__libs/Fw/Db/db.Query.php on line 320','1'),(20,'2013-06-29 01:54:42','fc210badec29400f02fc42a8c89b9475','SELECT `users`.user_id, `users`.email, `users`.date_created, `users`.username FROM `users` WHERE (user_id = ?)','[\"1\"]',0.002225,'Class: Fw_Db_Query->(), in file /srv/www/dev/webCMS/__libs/Fw/Db/db.Query.php on line 320','1'),(21,'2013-06-29 01:57:58','154b5848ae7b22ee174ae7d7c9ea2733','SET NAMES UTF8','null',0.000767,'Class: Fw_Db->connect(), in file /srv/www/dev/webCMS/www/common.php on line 38','1'),(22,'2013-06-29 01:57:59','154b5848ae7b22ee174ae7d7c9ea2733','SELECT `user_auths`.auth_id, `user_auths`.user_id, `user_auths`.login, `user_auths`.hash FROM `user_auths` WHERE (login = ?) AND (hash = ?)','[null,\"0d0c4ddd7cab8253149568aaccc1f72aa7f9acf8\"]',0.002165,'Class: Core\\User\\Auth->byHash(), in file /srv/www/dev/webCMS/__core/User/Auth.php on line 170','1'),(23,'2013-06-29 01:57:59','154b5848ae7b22ee174ae7d7c9ea2733','SELECT `albums`.album_id, `albums`.title, `albums`.date_created, `albums`.date_modified, `albums`.user_id FROM `albums` WHERE (album_id = ?)','[\"2\"]',0.002115,'Class: App\\Album::getById(), in file /srv/www/dev/webCMS/www/php/flows/Gallery.php on line 50','1'),(24,'2013-06-29 01:57:59','154b5848ae7b22ee174ae7d7c9ea2733','SELECT `users`.user_id, `users`.email, `users`.date_created, `users`.username FROM `users` WHERE (user_id = ?)','[\"1\"]',0.002074,'Class: Core\\User\\Data->init(), in file /srv/www/dev/webCMS/__core/User/Data.php on line 70','1'),(25,'2013-06-29 02:00:12','adc40b779168b95fac3650321714f038','SET NAMES UTF8','null',0.000741,'Fw_Db->connect(count: 1), in file /srv/www/dev/webCMS/www/common.php on line 38','1'),(26,'2013-06-29 02:00:13','adc40b779168b95fac3650321714f038','SELECT `user_auths`.auth_id, `user_auths`.user_id, `user_auths`.login, `user_auths`.hash FROM `user_auths` WHERE (login = ?) AND (hash = ?)','[null,\"0d0c4ddd7cab8253149568aaccc1f72aa7f9acf8\"]',0.003524,'Core\\User\\Auth->byHash(count: 2), in file /srv/www/dev/webCMS/__core/User/Auth.php on line 170','1'),(27,'2013-06-29 02:00:14','adc40b779168b95fac3650321714f038','SELECT `albums`.album_id, `albums`.title, `albums`.date_created, `albums`.date_modified, `albums`.user_id FROM `albums` WHERE (album_id = ?)','[\"2\"]',0.004464,'App\\Album::getById(count: 1), in file /srv/www/dev/webCMS/www/php/flows/Gallery.php on line 50','1'),(28,'2013-06-29 02:00:16','adc40b779168b95fac3650321714f038','SELECT `users`.user_id, `users`.email, `users`.date_created, `users`.username FROM `users` WHERE (user_id = ?)','[\"1\"]',0.004033,'Core\\User\\Data->init(count: 1), in file /srv/www/dev/webCMS/__core/User/Data.php on line 70','1'),(29,'2013-06-29 02:08:22','07b94145fa154d5163079ff40691b900','SET NAMES UTF8','null',0.000753,'Fw_Db->connect(count: Fw_Config), in file 1 on line 0','1'),(30,'2013-06-29 02:08:22','07b94145fa154d5163079ff40691b900','SELECT `user_auths`.auth_id, `user_auths`.user_id, `user_auths`.login, `user_auths`.hash FROM `user_auths` WHERE (login = ?) AND (hash = ?)','[null,\"0d0c4ddd7cab8253149568aaccc1f72aa7f9acf8\"]',0.002455,'Core\\User\\Auth->byHash(count: null, 0d0c4ddd7cab8253149568aaccc1f72aa7f9acf8), in file 2 on line 0','1'),(31,'2013-06-29 02:08:22','07b94145fa154d5163079ff40691b900','SELECT `albums`.album_id, `albums`.title, `albums`.date_created, `albums`.date_modified, `albums`.user_id FROM `albums` WHERE (album_id = ?)','[\"2\"]',0.002197,'App\\Album::getById(count: 2), in file 1 on line 0','1'),(32,'2013-06-29 02:08:22','07b94145fa154d5163079ff40691b900','SELECT `users`.user_id, `users`.email, `users`.date_created, `users`.username FROM `users` WHERE (user_id = ?)','[\"1\"]',0.002116,'Core\\User\\Data->init(count: 1), in file 1 on line 0','1'),(33,'2013-06-29 02:08:51','19cc1ba49f4110d4e7deeebc7befe277','SET NAMES UTF8','null',0.000739,'Fw_Db->connect(Fw_Config), in file 1 on line 0','1'),(34,'2013-06-29 02:08:51','19cc1ba49f4110d4e7deeebc7befe277','SELECT `user_auths`.auth_id, `user_auths`.user_id, `user_auths`.login, `user_auths`.hash FROM `user_auths` WHERE (login = ?) AND (hash = ?)','[null,\"0d0c4ddd7cab8253149568aaccc1f72aa7f9acf8\"]',0.002250,'Core\\User\\Auth->byHash(null, 0d0c4ddd7cab8253149568aaccc1f72aa7f9acf8), in file 2 on line 0','1'),(35,'2013-06-29 02:08:51','19cc1ba49f4110d4e7deeebc7befe277','SELECT `albums`.album_id, `albums`.title, `albums`.date_created, `albums`.date_modified, `albums`.user_id FROM `albums` WHERE (album_id = ?)','[\"2\"]',0.002256,'App\\Album::getById(2), in file 1 on line 0','1'),(36,'2013-06-29 02:08:51','19cc1ba49f4110d4e7deeebc7befe277','SELECT `users`.user_id, `users`.email, `users`.date_created, `users`.username FROM `users` WHERE (user_id = ?)','[\"1\"]',0.002160,'Core\\User\\Data->init(1), in file 1 on line 0','1'),(37,'2013-06-29 02:11:00','061624a190353a55ecbda88973605982','SET NAMES UTF8','null',0.000742,'Fw_Db->connect(Fw_Config), in file /srv/www/dev/webCMS/www/common.php on line 38','1'),(38,'2013-06-29 02:11:00','061624a190353a55ecbda88973605982','SELECT `user_auths`.auth_id, `user_auths`.user_id, `user_auths`.login, `user_auths`.hash FROM `user_auths` WHERE (login = ?) AND (hash = ?)','[null,\"0d0c4ddd7cab8253149568aaccc1f72aa7f9acf8\"]',0.002172,'Core\\User\\Auth->byHash(null, 0d0c4ddd7cab8253149568aaccc1f72aa7f9acf8), in file /srv/www/dev/webCMS/__core/User/Auth.php on line 170','1'),(39,'2013-06-29 02:11:00','061624a190353a55ecbda88973605982','SELECT `albums`.album_id, `albums`.title, `albums`.date_created, `albums`.date_modified, `albums`.user_id FROM `albums` WHERE (album_id = ?)','[\"2\"]',0.002219,'App\\Album::getById(2), in file /srv/www/dev/webCMS/www/php/flows/Gallery.php on line 50','1'),(40,'2013-06-29 02:11:01','061624a190353a55ecbda88973605982','SELECT `users`.user_id, `users`.email, `users`.date_created, `users`.username FROM `users` WHERE (user_id = ?)','[\"1\"]',0.002602,'Core\\User\\Data->init(1), in file /srv/www/dev/webCMS/__core/User/Data.php on line 70','1'),(41,'2013-06-29 02:11:25','782131f719fc63e9773cd03deff82c0f','SET NAMES UTF8','null',0.000839,'Fw_Db->connect(Fw_Config), file: /srv/www/dev/webCMS/www/common.php, line: 38','1'),(42,'2013-06-29 02:11:25','782131f719fc63e9773cd03deff82c0f','SELECT `user_auths`.auth_id, `user_auths`.user_id, `user_auths`.login, `user_auths`.hash FROM `user_auths` WHERE (login = ?) AND (hash = ?)','[null,\"0d0c4ddd7cab8253149568aaccc1f72aa7f9acf8\"]',0.002311,'Core\\User\\Auth->byHash(null, 0d0c4ddd7cab8253149568aaccc1f72aa7f9acf8), file: /srv/www/dev/webCMS/__core/User/Auth.php, line: 170','1'),(43,'2013-06-29 02:11:26','782131f719fc63e9773cd03deff82c0f','SELECT `albums`.album_id, `albums`.title, `albums`.date_created, `albums`.date_modified, `albums`.user_id FROM `albums` WHERE (album_id = ?)','[\"2\"]',0.002126,'App\\Album::getById(2), file: /srv/www/dev/webCMS/www/php/flows/Gallery.php, line: 50','1'),(44,'2013-06-29 02:11:26','782131f719fc63e9773cd03deff82c0f','SELECT `users`.user_id, `users`.email, `users`.date_created, `users`.username FROM `users` WHERE (user_id = ?)','[\"1\"]',0.002040,'Core\\User\\Data->init(1), file: /srv/www/dev/webCMS/__core/User/Data.php, line: 70','1'),(45,'2013-06-29 02:12:50','16355e2ab8c1812d78d4f82cc8131def','SET NAMES UTF8','null',0.000749,'Fw_Db->connect(Fw_Config), file: /srv/www/dev/webCMS/www/common.php, line: 38','1'),(46,'2013-06-29 02:12:50','16355e2ab8c1812d78d4f82cc8131def','SELECT `user_auths`.auth_id, `user_auths`.user_id, `user_auths`.login, `user_auths`.hash FROM `user_auths` WHERE (login = ?) AND (hash = ?)','[null,\"0d0c4ddd7cab8253149568aaccc1f72aa7f9acf8\"]',0.002178,'Core\\User\\Auth->byHash(null, 0d0c4ddd7cab8253149568aaccc1f72aa7f9acf8), file: /srv/www/dev/webCMS/__core/User/Auth.php, line: 170','1'),(47,'2013-06-29 02:12:51','16355e2ab8c1812d78d4f82cc8131def','SELECT `albums`.album_id, `albums`.title, `albums`.date_created, `albums`.date_modified, `albums`.user_id FROM `albums` WHERE (album_id = ?)','[\"2\"]',0.002087,'App\\Album::getById(2), file: /srv/www/dev/webCMS/www/php/flows/Gallery.php, line: 50','1'),(48,'2013-06-29 02:12:51','16355e2ab8c1812d78d4f82cc8131def','SELECT `users`.user_id, `users`.email, `users`.date_created, `users`.username FROM `users` WHERE (user_id = ?)','[\"1\"]',0.002098,'Core\\User\\Data->init(1), file: /srv/www/dev/webCMS/__core/User/Data.php, line: 70','1'),(49,'2013-06-29 02:13:03','e799d41cfcb21e414a8d76e79e4ca6cc','SET NAMES UTF8','null',0.000742,'Fw_Db->connect(Fw_Config), file: /srv/www/dev/webCMS/www/common.php, line: 38','1'),(50,'2013-06-29 02:13:04','e799d41cfcb21e414a8d76e79e4ca6cc','SELECT `user_auths`.auth_id, `user_auths`.user_id, `user_auths`.login, `user_auths`.hash FROM `user_auths` WHERE (login = ?) AND (hash = ?)','[null,\"0d0c4ddd7cab8253149568aaccc1f72aa7f9acf8\"]',0.002190,'Core\\User\\Auth->byHash(null, 0d0c4ddd7cab8253149568aaccc1f72aa7f9acf8), file: /srv/www/dev/webCMS/__core/User/Auth.php, line: 170','1'),(51,'2013-06-29 02:13:04','e799d41cfcb21e414a8d76e79e4ca6cc','SELECT `blog`.* FROM `blog` ORDER BY datetime_created DESC LIMIT 0, 5','[]',0.002266,'App\\Flow\\Blog->action_default(), file: /srv/www/dev/webCMS/__core/Flow.php, line: 104','1'),(52,'2013-06-29 02:13:06','005dfcc9bf083f3c4d40d42351d86561','SET NAMES UTF8','null',0.000877,'Fw_Db->connect(Fw_Config), file: /srv/www/dev/webCMS/www/common.php, line: 38','1'),(53,'2013-06-29 02:13:06','005dfcc9bf083f3c4d40d42351d86561','SELECT `user_auths`.auth_id, `user_auths`.user_id, `user_auths`.login, `user_auths`.hash FROM `user_auths` WHERE (login = ?) AND (hash = ?)','[null,\"0d0c4ddd7cab8253149568aaccc1f72aa7f9acf8\"]',0.002343,'Core\\User\\Auth->byHash(null, 0d0c4ddd7cab8253149568aaccc1f72aa7f9acf8), file: /srv/www/dev/webCMS/__core/User/Auth.php, line: 170','1'),(54,'2013-06-29 02:13:06','005dfcc9bf083f3c4d40d42351d86561','SELECT `albums`.album_id, `albums`.title, `albums`.date_created, `albums`.date_modified, `albums`.user_id FROM `albums` ORDER BY date_created DESC LIMIT 0, 10','[]',0.002349,'App\\Album::getList(10), file: /srv/www/dev/webCMS/www/php/model/Album.php, line: 91','1'),(55,'2013-06-29 02:13:09','552f47ad3f921dc26652d79e7232374d','SET NAMES UTF8','null',0.000740,'Fw_Db->connect(Fw_Config), file: /srv/www/dev/webCMS/www/common.php, line: 38','1'),(56,'2013-06-29 02:13:09','552f47ad3f921dc26652d79e7232374d','SELECT `user_auths`.auth_id, `user_auths`.user_id, `user_auths`.login, `user_auths`.hash FROM `user_auths` WHERE (login = ?) AND (hash = ?)','[null,\"0d0c4ddd7cab8253149568aaccc1f72aa7f9acf8\"]',0.002343,'Core\\User\\Auth->byHash(null, 0d0c4ddd7cab8253149568aaccc1f72aa7f9acf8), file: /srv/www/dev/webCMS/__core/User/Auth.php, line: 170','1'),(57,'2013-06-29 02:13:09','552f47ad3f921dc26652d79e7232374d','SELECT `blog`.* FROM `blog` ORDER BY datetime_created DESC LIMIT 0, 5','[]',0.002055,'App\\Flow\\Blog->action_default(), file: /srv/www/dev/webCMS/__core/Flow.php, line: 104','1'),(58,'2013-06-29 02:13:12','7f27397dfa2e62e166df18bfa21be668','SET NAMES UTF8','null',0.000730,'Fw_Db->connect(Fw_Config), file: /srv/www/dev/webCMS/www/common.php, line: 38','1'),(59,'2013-06-29 02:13:12','7f27397dfa2e62e166df18bfa21be668','SELECT `user_auths`.auth_id, `user_auths`.user_id, `user_auths`.login, `user_auths`.hash FROM `user_auths` WHERE (login = ?) AND (hash = ?)','[null,\"0d0c4ddd7cab8253149568aaccc1f72aa7f9acf8\"]',0.002167,'Core\\User\\Auth->byHash(null, 0d0c4ddd7cab8253149568aaccc1f72aa7f9acf8), file: /srv/www/dev/webCMS/__core/User/Auth.php, line: 170','1'),(60,'2013-06-29 02:13:21','953e69da2021ad05ff47e06b9cf37853','SET NAMES UTF8','null',0.000570,'Fw_Db->connect(Fw_Config), file: /srv/www/dev/webCMS/www/common.php, line: 38','1'),(61,'2013-06-29 02:13:21','953e69da2021ad05ff47e06b9cf37853','SELECT `user_auths`.auth_id, `user_auths`.user_id, `user_auths`.login, `user_auths`.hash FROM `user_auths` WHERE (login = ?) AND (hash = ?)','[null,\"0d0c4ddd7cab8253149568aaccc1f72aa7f9acf8\"]',0.001273,'Core\\User\\Auth->byHash(null, 0d0c4ddd7cab8253149568aaccc1f72aa7f9acf8), file: /srv/www/dev/webCMS/__core/User/Auth.php, line: 170','1'),(62,'2013-06-29 02:13:23','f6bd6e91c14fab6adae6e046243dd8a3','SET NAMES UTF8','null',0.000564,'Fw_Db->connect(Fw_Config), file: /srv/www/dev/webCMS/www/common.php, line: 38','1'),(63,'2013-06-29 02:13:23','f6bd6e91c14fab6adae6e046243dd8a3','SELECT `user_auths`.auth_id, `user_auths`.user_id, `user_auths`.login, `user_auths`.hash FROM `user_auths` WHERE (login = ?) AND (hash = ?)','[null,\"0d0c4ddd7cab8253149568aaccc1f72aa7f9acf8\"]',0.001308,'Core\\User\\Auth->byHash(null, 0d0c4ddd7cab8253149568aaccc1f72aa7f9acf8), file: /srv/www/dev/webCMS/__core/User/Auth.php, line: 170','1'),(64,'2013-06-29 02:13:24','398ed785524941e6ad604a8893826dbd','SET NAMES UTF8','null',0.000562,'Fw_Db->connect(Fw_Config), file: /srv/www/dev/webCMS/www/common.php, line: 38','1'),(65,'2013-06-29 02:13:24','398ed785524941e6ad604a8893826dbd','SELECT `user_auths`.auth_id, `user_auths`.user_id, `user_auths`.login, `user_auths`.hash FROM `user_auths` WHERE (login = ?) AND (hash = ?)','[null,\"0d0c4ddd7cab8253149568aaccc1f72aa7f9acf8\"]',0.001300,'Core\\User\\Auth->byHash(null, 0d0c4ddd7cab8253149568aaccc1f72aa7f9acf8), file: /srv/www/dev/webCMS/__core/User/Auth.php, line: 170','1');

/*Table structure for table `logs` */

DROP TABLE IF EXISTS `logs`;

CREATE TABLE `logs` (
  `log_id` int(10) unsigned NOT NULL AUTO_INCREMENT,
  `date_added` datetime DEFAULT NULL,
  `title` varchar(4094) DEFAULT NULL,
  `description` text,
  PRIMARY KEY (`log_id`)
) ENGINE=InnoDB AUTO_INCREMENT=41 DEFAULT CHARSET=utf8;

/*Data for the table `logs` */

insert  into `logs`(`log_id`,`date_added`,`title`,`description`) values (1,'2013-05-22 23:48:04','Exception: Division by zero','#0 /srv/www/dev/webCMS/__core/User.php(238): {closure}(2, \'Division by zer...\', \'/srv/www/dev/we...\', 238, Array)\n#1 /srv/www/dev/webCMS/www/php/blocks/Auth.php(26): Core\\User->auth(Object(Core\\Input))\n#2 /srv/www/dev/webCMS/www/php/flows/Main.php(32): App\\Block\\Auth::process(Array, Object(Core\\Output\\Http))\n#3 /srv/www/dev/webCMS/__core/Flow.php(69): App\\Flow\\Main->callPre(\'default\')\n#4 /srv/www/dev/webCMS/__core/Flow.php(128): Core\\Flow->action()\n#5 /srv/www/dev/webCMS/__core/Flow.php(114): Core\\Flow->runChildFlow(\'main\')\n#6 /srv/www/dev/webCMS/__core/Flow.php(71): Core\\Flow->call(\'main\')\n#7 /srv/www/dev/webCMS/__core/Dispatcher.php(130): Core\\Flow->action(\'main\')\n#8 /srv/www/dev/webCMS/www/php/html.php(44): Core\\Dispatcher->flow(Object(Core\\Input\\Http), Object(Core\\Output\\Http))\n#9 /srv/www/dev/webCMS/www/public_html/index.php(8): require_once(\'/srv/www/dev/we...\')\n#10 {main}'),(2,'2013-05-22 23:48:05','Exception: Division by zero','#0 [internal function]: {closure}(Object(Core\\Exception))\n#1 {main}'),(3,'2013-05-22 23:49:22','Exception: Division by zero','#0 /srv/www/dev/webCMS/__core/User.php(238): {closure}(2, \'Division by zer...\', \'/srv/www/dev/we...\', 238, Array)\n#1 /srv/www/dev/webCMS/www/php/blocks/Auth.php(26): Core\\User->auth(Object(Core\\Input))\n#2 /srv/www/dev/webCMS/www/php/flows/Main.php(32): App\\Block\\Auth::process(Array, Object(Core\\Output\\Http))\n#3 /srv/www/dev/webCMS/__core/Flow.php(69): App\\Flow\\Main->callPre(\'default\')\n#4 /srv/www/dev/webCMS/__core/Flow.php(128): Core\\Flow->action()\n#5 /srv/www/dev/webCMS/__core/Flow.php(114): Core\\Flow->runChildFlow(\'main\')\n#6 /srv/www/dev/webCMS/__core/Flow.php(71): Core\\Flow->call(\'main\')\n#7 /srv/www/dev/webCMS/__core/Dispatcher.php(130): Core\\Flow->action(\'main\')\n#8 /srv/www/dev/webCMS/www/php/html.php(44): Core\\Dispatcher->flow(Object(Core\\Input\\Http), Object(Core\\Output\\Http))\n#9 /srv/www/dev/webCMS/www/public_html/index.php(8): require_once(\'/srv/www/dev/we...\')\n#10 {main}'),(4,'2013-05-22 23:49:23','Exception: Division by zero','#0 [internal function]: {closure}(Object(Core\\Exception))\n#1 {main}'),(5,'2013-05-22 23:49:36','Exception: Division by zero','#0 /srv/www/dev/webCMS/__core/User.php(238): {closure}(2, \'Division by zer...\', \'/srv/www/dev/we...\', 238, Array)\n#1 /srv/www/dev/webCMS/www/php/blocks/Auth.php(26): Core\\User->auth(Object(Core\\Input))\n#2 /srv/www/dev/webCMS/www/php/flows/Main.php(32): App\\Block\\Auth::process(Array, Object(Core\\Output\\Http))\n#3 /srv/www/dev/webCMS/__core/Flow.php(69): App\\Flow\\Main->callPre(\'default\')\n#4 /srv/www/dev/webCMS/__core/Flow.php(128): Core\\Flow->action()\n#5 /srv/www/dev/webCMS/__core/Flow.php(114): Core\\Flow->runChildFlow(\'main\')\n#6 /srv/www/dev/webCMS/__core/Flow.php(71): Core\\Flow->call(\'main\')\n#7 /srv/www/dev/webCMS/__core/Dispatcher.php(130): Core\\Flow->action(\'main\')\n#8 /srv/www/dev/webCMS/www/php/html.php(44): Core\\Dispatcher->flow(Object(Core\\Input\\Http), Object(Core\\Output\\Http))\n#9 /srv/www/dev/webCMS/www/public_html/index.php(8): require_once(\'/srv/www/dev/we...\')\n#10 {main}'),(6,'2013-05-23 00:11:04','Exception: Object of class Core\\User could not be converted to string','#0 /srv/www/dev/webCMS/www/templates/__c/94/7f/2324965f0cf1f5627b23f9f902e4.php(34): {closure}(4096, \'Object of class...\', \'/srv/www/dev/we...\', 34, Array)\n#1 [internal function]: __TwigTemplate_947f2324965f0cf1f5627b23f9f902e4->block_content_gallery(Array, Array)\n#2 /srv/www/dev/webCMS/__libs/Twig/Template.php(134): call_user_func(Array, Array, Array)\n#3 /srv/www/dev/webCMS/www/templates/__c/21/d6/32e724f14edc7781838d5239f945.php(43): Twig_Template->displayBlock(\'content_gallery\', Array, Array)\n#4 [internal function]: __TwigTemplate_21d632e724f14edc7781838d5239f945->block_content(Array, Array)\n#5 /srv/www/dev/webCMS/__libs/Twig/Template.php(134): call_user_func(Array, Array, Array)\n#6 /srv/www/dev/webCMS/www/templates/__c/5d/b3/44217d6c7c11fe235e07ad04e5c3.php(48): Twig_Template->displayBlock(\'content\', Array, Array)\n#7 /srv/www/dev/webCMS/__libs/Twig/Template.php(265): __TwigTemplate_5db344217d6c7c11fe235e07ad04e5c3->doDisplay(Array, Array)\n#8 /srv/www/dev/webCMS/__libs/Twig/Template.php(239): Twig_Template->displayWithErrorHandling(Array, Array)\n#9 /srv/www/dev/webCMS/www/templates/__c/21/d6/32e724f14edc7781838d5239f945.php(26): Twig_Template->display(Array, Array)\n#10 /srv/www/dev/webCMS/__libs/Twig/Template.php(265): __TwigTemplate_21d632e724f14edc7781838d5239f945->doDisplay(Array, Array)\n#11 /srv/www/dev/webCMS/__libs/Twig/Template.php(239): Twig_Template->displayWithErrorHandling(Array, Array)\n#12 /srv/www/dev/webCMS/www/templates/__c/94/7f/2324965f0cf1f5627b23f9f902e4.php(24): Twig_Template->display(Array, Array)\n#13 /srv/www/dev/webCMS/__libs/Twig/Template.php(265): __TwigTemplate_947f2324965f0cf1f5627b23f9f902e4->doDisplay(Array, Array)\n#14 /srv/www/dev/webCMS/__libs/Twig/Template.php(239): Twig_Template->displayWithErrorHandling(Array, Array)\n#15 /srv/www/dev/webCMS/__libs/Twig/Template.php(250): Twig_Template->display(Array)\n#16 /srv/www/dev/webCMS/__core/Renderer/Engine.php(53): Twig_Template->render(Array)\n#17 /srv/www/dev/webCMS/__core/Renderer.php(74): Core\\Renderer\\Engine->render(Array, \'gallery/view\')\n#18 /srv/www/dev/webCMS/__core/Renderer/Http.php(27): Core\\Renderer->renderInner(Object(Core\\Output\\Http), \'gallery/view\')\n#19 /srv/www/dev/webCMS/www/php/html.php(49): Core\\Renderer\\Http->render(Object(Core\\Output\\Http), \'gallery/view\')\n#20 /srv/www/dev/webCMS/www/public_html/index.php(8): require_once(\'/srv/www/dev/we...\')\n#21 {main}'),(7,'2013-06-11 20:46:36','Exception: Unknown: write failed: No space left on device (28)','#0 [internal function]: {closure}(2, \'Unknown: write ...\', \'Unknown\', 0, Array)\n#1 {main}'),(8,'2013-06-11 20:46:36','Exception: Unknown: Failed to write session data (files). Please verify that the current setting of session.save_path is correct (/var/lib/php5)','#0 [internal function]: {closure}(2, \'Unknown: Failed...\', \'Unknown\', 0, Array)\n#1 {main}'),(9,'2013-06-28 23:00:14','Exception: Uninitialized string offset: -1','#0 /srv/www/dev/webCMS/__bootstrap/autoload/Loader.php(139): {closure}(8, \'Uninitialized s...\', \'/srv/www/dev/we...\', 139, Array)\n#1 /srv/www/dev/webCMS/__bootstrap/autoload/Autoloader.php(25): VM\\Loader->getFile(\'Core\\Model\\Get\')\n#2 [internal function]: VM\\Autoloader::load(\'Core\\Model\\Get\')\n#3 /srv/www/dev/webCMS/__core/Input.php(15): spl_autoload_call(\'Core\\Model\\Get\')\n#4 /srv/www/dev/webCMS/__bootstrap/autoload/Autoloader.php(30): require_once(\'/srv/www/dev/we...\')\n#5 [internal function]: VM\\Autoloader::load(\'Core\\Input\')\n#6 /srv/www/dev/webCMS/__core/Input/Config.php(11): spl_autoload_call(\'Core\\Input\')\n#7 /srv/www/dev/webCMS/__bootstrap/autoload/Autoloader.php(30): require_once(\'/srv/www/dev/we...\')\n#8 [internal function]: VM\\Autoloader::load(\'Core\\Input\\Conf...\')\n#9 /srv/www/dev/webCMS/www/php/html.php(12): spl_autoload_call(\'Core\\Input\\Conf...\')\n#10 /srv/www/dev/webCMS/www/public_html/index.php(9): require_once(\'/srv/www/dev/we...\')\n#11 {main}'),(10,'2013-06-28 23:00:14','Exception: Uninitialized string offset: -1','#0 /srv/www/dev/webCMS/__bootstrap/autoload/Loader.php(139): {closure}(8, \'Uninitialized s...\', \'/srv/www/dev/we...\', 139, Array)\n#1 /srv/www/dev/webCMS/__bootstrap/autoload/Autoloader.php(25): VM\\Loader->getFile(\'Core\\Output\\Tem...\')\n#2 [internal function]: VM\\Autoloader::load(\'Core\\Output\\Tem...\')\n#3 /srv/www/dev/webCMS/__core/Output.php(12): spl_autoload_call(\'Core\\Output\\Tem...\')\n#4 /srv/www/dev/webCMS/__bootstrap/autoload/Autoloader.php(30): require_once(\'/srv/www/dev/we...\')\n#5 [internal function]: VM\\Autoloader::load(\'Core\\Output\')\n#6 /srv/www/dev/webCMS/__core/Output/Http.php(11): spl_autoload_call(\'Core\\Output\')\n#7 /srv/www/dev/webCMS/__bootstrap/autoload/Autoloader.php(30): require_once(\'/srv/www/dev/we...\')\n#8 [internal function]: VM\\Autoloader::load(\'Core\\Output\\Htt...\')\n#9 /srv/www/dev/webCMS/www/php/html.php(43): spl_autoload_call(\'Core\\Output\\Htt...\')\n#10 /srv/www/dev/webCMS/www/public_html/index.php(9): require_once(\'/srv/www/dev/we...\')\n#11 {main}'),(11,'2013-06-28 23:00:14','Exception: Uninitialized string offset: -1','#0 /srv/www/dev/webCMS/__bootstrap/autoload/Loader.php(139): {closure}(8, \'Uninitialized s...\', \'/srv/www/dev/we...\', 139, Array)\n#1 /srv/www/dev/webCMS/__bootstrap/autoload/Autoloader.php(25): VM\\Loader->getFile(\'Core\\Tpl\')\n#2 [internal function]: VM\\Autoloader::load(\'Core\\Tpl\')\n#3 /srv/www/dev/webCMS/__core/Flow.php(14): spl_autoload_call(\'Core\\Tpl\')\n#4 /srv/www/dev/webCMS/__bootstrap/autoload/Autoloader.php(30): require_once(\'/srv/www/dev/we...\')\n#5 [internal function]: VM\\Autoloader::load(\'App\\Flow\')\n#6 /srv/www/dev/webCMS/__core/Dispatcher.php(127): spl_autoload_call(\'App\\Flow\')\n#7 /srv/www/dev/webCMS/www/php/html.php(44): Core\\Dispatcher->flow(Object(Core\\Input\\Http), Object(Core\\Output\\Http))\n#8 /srv/www/dev/webCMS/www/public_html/index.php(9): require_once(\'/srv/www/dev/we...\')\n#9 {main}'),(12,'2013-06-28 23:00:14','Exception: Uninitialized string offset: -1','#0 /srv/www/dev/webCMS/__bootstrap/autoload/Loader.php(139): {closure}(8, \'Uninitialized s...\', \'/srv/www/dev/we...\', 139, Array)\n#1 /srv/www/dev/webCMS/__bootstrap/autoload/Autoloader.php(25): VM\\Loader->getFile(\'App\\Flow\')\n#2 [internal function]: VM\\Autoloader::load(\'App\\Flow\')\n#3 /srv/www/dev/webCMS/__core/Dispatcher.php(127): spl_autoload_call(\'App\\Flow\')\n#4 /srv/www/dev/webCMS/www/php/html.php(44): Core\\Dispatcher->flow(Object(Core\\Input\\Http), Object(Core\\Output\\Http))\n#5 /srv/www/dev/webCMS/www/public_html/index.php(9): require_once(\'/srv/www/dev/we...\')\n#6 {main}'),(13,'2013-06-28 23:00:14','Exception: Uninitialized string offset: -1','#0 /srv/www/dev/webCMS/__bootstrap/autoload/Loader.php(139): {closure}(8, \'Uninitialized s...\', \'/srv/www/dev/we...\', 139, Array)\n#1 /srv/www/dev/webCMS/__bootstrap/autoload/Autoloader.php(25): VM\\Loader->getFile(\'App\\Flow\\Main\')\n#2 [internal function]: VM\\Autoloader::load(\'App\\Flow\\Main\')\n#3 [internal function]: spl_autoload_call(\'App\\Flow\\Main\')\n#4 /srv/www/dev/webCMS/__core/Flow.php(155): class_exists(\'App\\Flow\\Main\')\n#5 /srv/www/dev/webCMS/__core/Flow.php(124): Core\\Flow->getFlow(\'main\')\n#6 /srv/www/dev/webCMS/__core/Flow.php(114): Core\\Flow->runChildFlow(\'main\')\n#7 /srv/www/dev/webCMS/__core/Flow.php(71): Core\\Flow->call(\'main\')\n#8 /srv/www/dev/webCMS/__core/Dispatcher.php(130): Core\\Flow->action(\'main\')\n#9 /srv/www/dev/webCMS/www/php/html.php(44): Core\\Dispatcher->flow(Object(Core\\Input\\Http), Object(Core\\Output\\Http))\n#10 /srv/www/dev/webCMS/www/public_html/index.php(9): require_once(\'/srv/www/dev/we...\')\n#11 {main}'),(14,'2013-06-28 23:00:14','Exception: Uninitialized string offset: -1','#0 /srv/www/dev/webCMS/__bootstrap/autoload/Loader.php(139): {closure}(8, \'Uninitialized s...\', \'/srv/www/dev/we...\', 139, Array)\n#1 /srv/www/dev/webCMS/__bootstrap/autoload/Autoloader.php(25): VM\\Loader->getFile(\'App\\Block\\Auth\')\n#2 [internal function]: VM\\Autoloader::load(\'App\\Block\\Auth\')\n#3 /srv/www/dev/webCMS/www/php/flows/Main.php(32): spl_autoload_call(\'App\\Block\\Auth\')\n#4 /srv/www/dev/webCMS/__core/Flow.php(69): App\\Flow\\Main->callPre(\'default\')\n#5 /srv/www/dev/webCMS/__core/Flow.php(128): Core\\Flow->action()\n#6 /srv/www/dev/webCMS/__core/Flow.php(114): Core\\Flow->runChildFlow(\'main\')\n#7 /srv/www/dev/webCMS/__core/Flow.php(71): Core\\Flow->call(\'main\')\n#8 /srv/www/dev/webCMS/__core/Dispatcher.php(130): Core\\Flow->action(\'main\')\n#9 /srv/www/dev/webCMS/www/php/html.php(44): Core\\Dispatcher->flow(Object(Core\\Input\\Http), Object(Core\\Output\\Http))\n#10 /srv/www/dev/webCMS/www/public_html/index.php(9): require_once(\'/srv/www/dev/we...\')\n#11 {main}'),(15,'2013-06-28 23:00:15','Exception: Uninitialized string offset: -1','#0 /srv/www/dev/webCMS/__bootstrap/autoload/Loader.php(139): {closure}(8, \'Uninitialized s...\', \'/srv/www/dev/we...\', 139, Array)\n#1 /srv/www/dev/webCMS/__bootstrap/autoload/Autoloader.php(25): VM\\Loader->getFile(\'App\\Block\\Head\')\n#2 [internal function]: VM\\Autoloader::load(\'App\\Block\\Head\')\n#3 /srv/www/dev/webCMS/www/php/flows/Main.php(36): spl_autoload_call(\'App\\Block\\Head\')\n#4 /srv/www/dev/webCMS/__core/Flow.php(69): App\\Flow\\Main->callPre(\'default\')\n#5 /srv/www/dev/webCMS/__core/Flow.php(128): Core\\Flow->action()\n#6 /srv/www/dev/webCMS/__core/Flow.php(114): Core\\Flow->runChildFlow(\'main\')\n#7 /srv/www/dev/webCMS/__core/Flow.php(71): Core\\Flow->call(\'main\')\n#8 /srv/www/dev/webCMS/__core/Dispatcher.php(130): Core\\Flow->action(\'main\')\n#9 /srv/www/dev/webCMS/www/php/html.php(44): Core\\Dispatcher->flow(Object(Core\\Input\\Http), Object(Core\\Output\\Http))\n#10 /srv/www/dev/webCMS/www/public_html/index.php(9): require_once(\'/srv/www/dev/we...\')\n#11 {main}'),(16,'2013-06-28 23:00:15','Exception: Uninitialized string offset: -1','#0 /srv/www/dev/webCMS/__bootstrap/autoload/Loader.php(139): {closure}(8, \'Uninitialized s...\', \'/srv/www/dev/we...\', 139, Array)\n#1 /srv/www/dev/webCMS/__bootstrap/autoload/Autoloader.php(25): VM\\Loader->getFile(\'App\\Block\\Login\')\n#2 [internal function]: VM\\Autoloader::load(\'App\\Block\\Login\')\n#3 /srv/www/dev/webCMS/www/php/flows/Main.php(45): spl_autoload_call(\'App\\Block\\Login\')\n#4 /srv/www/dev/webCMS/__core/Flow.php(69): App\\Flow\\Main->callPre(\'default\')\n#5 /srv/www/dev/webCMS/__core/Flow.php(128): Core\\Flow->action()\n#6 /srv/www/dev/webCMS/__core/Flow.php(114): Core\\Flow->runChildFlow(\'main\')\n#7 /srv/www/dev/webCMS/__core/Flow.php(71): Core\\Flow->call(\'main\')\n#8 /srv/www/dev/webCMS/__core/Dispatcher.php(130): Core\\Flow->action(\'main\')\n#9 /srv/www/dev/webCMS/www/php/html.php(44): Core\\Dispatcher->flow(Object(Core\\Input\\Http), Object(Core\\Output\\Http))\n#10 /srv/www/dev/webCMS/www/public_html/index.php(9): require_once(\'/srv/www/dev/we...\')\n#11 {main}'),(17,'2013-06-28 23:00:15','Exception: Uninitialized string offset: -1','#0 /srv/www/dev/webCMS/__bootstrap/autoload/Loader.php(139): {closure}(8, \'Uninitialized s...\', \'/srv/www/dev/we...\', 139, Array)\n#1 /srv/www/dev/webCMS/__bootstrap/autoload/Autoloader.php(25): VM\\Loader->getFile(\'Core\\Block\\Flow\')\n#2 [internal function]: VM\\Autoloader::load(\'Core\\Block\\Flow\')\n#3 /srv/www/dev/webCMS/www/php/blocks/Login.php(15): spl_autoload_call(\'Core\\Block\\Flow\')\n#4 /srv/www/dev/webCMS/__bootstrap/autoload/Autoloader.php(30): require_once(\'/srv/www/dev/we...\')\n#5 [internal function]: VM\\Autoloader::load(\'App\\Block\\Login\')\n#6 /srv/www/dev/webCMS/www/php/flows/Main.php(45): spl_autoload_call(\'App\\Block\\Login\')\n#7 /srv/www/dev/webCMS/__core/Flow.php(69): App\\Flow\\Main->callPre(\'default\')\n#8 /srv/www/dev/webCMS/__core/Flow.php(128): Core\\Flow->action()\n#9 /srv/www/dev/webCMS/__core/Flow.php(114): Core\\Flow->runChildFlow(\'main\')\n#10 /srv/www/dev/webCMS/__core/Flow.php(71): Core\\Flow->call(\'main\')\n#11 /srv/www/dev/webCMS/__core/Dispatcher.php(130): Core\\Flow->action(\'main\')\n#12 /srv/www/dev/webCMS/www/php/html.php(44): Core\\Dispatcher->flow(Object(Core\\Input\\Http), Object(Core\\Output\\Http))\n#13 /srv/www/dev/webCMS/www/public_html/index.php(9): require_once(\'/srv/www/dev/we...\')\n#14 {main}'),(18,'2013-06-28 23:00:15','Exception: Uninitialized string offset: -1','#0 /srv/www/dev/webCMS/__bootstrap/autoload/Loader.php(139): {closure}(8, \'Uninitialized s...\', \'/srv/www/dev/we...\', 139, Array)\n#1 /srv/www/dev/webCMS/__bootstrap/autoload/Autoloader.php(25): VM\\Loader->getFile(\'App\\Flow\\Block\')\n#2 [internal function]: VM\\Autoloader::load(\'App\\Flow\\Block\')\n#3 [internal function]: spl_autoload_call(\'App\\Flow\\Block\')\n#4 /srv/www/dev/webCMS/__core/Flow.php(155): class_exists(\'App\\Flow\\Block\')\n#5 /srv/www/dev/webCMS/__core/Flow.php(124): Core\\Flow->getFlow(\'block\')\n#6 /srv/www/dev/webCMS/__core/Flow.php(114): Core\\Flow->runChildFlow(\'block\')\n#7 /srv/www/dev/webCMS/__core/Flow.php(71): Core\\Flow->call(\'block\')\n#8 /srv/www/dev/webCMS/__core/Dispatcher.php(130): Core\\Flow->action(\'block\')\n#9 /srv/www/dev/webCMS/__core/Block/Flow.php(41): Core\\Dispatcher->flow(Object(Core\\Input\\Http), Object(Core\\Output\\Http))\n#10 /srv/www/dev/webCMS/__core/Block.php(45): App\\Block\\Login->invoke()\n#11 /srv/www/dev/webCMS/www/php/flows/Main.php(45): Core\\Block::process(Array, Object(Core\\Output\\Http))\n#12 /srv/www/dev/webCMS/__core/Flow.php(69): App\\Flow\\Main->callPre(\'default\')\n#13 /srv/www/dev/webCMS/__core/Flow.php(128): Core\\Flow->action()\n#14 /srv/www/dev/webCMS/__core/Flow.php(114): Core\\Flow->runChildFlow(\'main\')\n#15 /srv/www/dev/webCMS/__core/Flow.php(71): Core\\Flow->call(\'main\')\n#16 /srv/www/dev/webCMS/__core/Dispatcher.php(130): Core\\Flow->action(\'main\')\n#17 /srv/www/dev/webCMS/www/php/html.php(44): Core\\Dispatcher->flow(Object(Core\\Input\\Http), Object(Core\\Output\\Http))\n#18 /srv/www/dev/webCMS/www/public_html/index.php(9): require_once(\'/srv/www/dev/we...\')\n#19 {main}'),(19,'2013-06-28 23:00:15','Exception: Uninitialized string offset: -1','#0 /srv/www/dev/webCMS/__bootstrap/autoload/Loader.php(139): {closure}(8, \'Uninitialized s...\', \'/srv/www/dev/we...\', 139, Array)\n#1 /srv/www/dev/webCMS/__bootstrap/autoload/Autoloader.php(25): VM\\Loader->getFile(\'App\\Flow\\Block\\...\')\n#2 [internal function]: VM\\Autoloader::load(\'App\\Flow\\Block\\...\')\n#3 [internal function]: spl_autoload_call(\'App\\Flow\\Block\\...\')\n#4 /srv/www/dev/webCMS/__core/Flow.php(155): class_exists(\'App\\Flow\\Block\\...\')\n#5 /srv/www/dev/webCMS/__core/Flow.php(124): Core\\Flow->getFlow(\'auth\')\n#6 /srv/www/dev/webCMS/www/php/flows/Block.php(21): Core\\Flow->runChildFlow(\'auth\')\n#7 /srv/www/dev/webCMS/__core/Flow.php(112): App\\Flow\\Block->action_default()\n#8 /srv/www/dev/webCMS/__core/Flow.php(71): Core\\Flow->call(\'default\')\n#9 /srv/www/dev/webCMS/__core/Flow.php(128): Core\\Flow->action()\n#10 /srv/www/dev/webCMS/__core/Flow.php(114): Core\\Flow->runChildFlow(\'block\')\n#11 /srv/www/dev/webCMS/__core/Flow.php(71): Core\\Flow->call(\'block\')\n#12 /srv/www/dev/webCMS/__core/Dispatcher.php(130): Core\\Flow->action(\'block\')\n#13 /srv/www/dev/webCMS/__core/Block/Flow.php(41): Core\\Dispatcher->flow(Object(Core\\Input\\Http), Object(Core\\Output\\Http))\n#14 /srv/www/dev/webCMS/__core/Block.php(45): App\\Block\\Login->invoke()\n#15 /srv/www/dev/webCMS/www/php/flows/Main.php(45): Core\\Block::process(Array, Object(Core\\Output\\Http))\n#16 /srv/www/dev/webCMS/__core/Flow.php(69): App\\Flow\\Main->callPre(\'default\')\n#17 /srv/www/dev/webCMS/__core/Flow.php(128): Core\\Flow->action()\n#18 /srv/www/dev/webCMS/__core/Flow.php(114): Core\\Flow->runChildFlow(\'main\')\n#19 /srv/www/dev/webCMS/__core/Flow.php(71): Core\\Flow->call(\'main\')\n#20 /srv/www/dev/webCMS/__core/Dispatcher.php(130): Core\\Flow->action(\'main\')\n#21 /srv/www/dev/webCMS/www/php/html.php(44): Core\\Dispatcher->flow(Object(Core\\Input\\Http), Object(Core\\Output\\Http))\n#22 /srv/www/dev/webCMS/www/public_html/index.php(9): require_once(\'/srv/www/dev/we...\')\n#23 {main}'),(20,'2013-06-28 23:00:15','Exception: Uninitialized string offset: -1','#0 /srv/www/dev/webCMS/__bootstrap/autoload/Loader.php(139): {closure}(8, \'Uninitialized s...\', \'/srv/www/dev/we...\', 139, Array)\n#1 /srv/www/dev/webCMS/__bootstrap/autoload/Autoloader.php(25): VM\\Loader->getFile(\'Fw_Db_Query_Beh...\')\n#2 [internal function]: VM\\Autoloader::load(\'Fw_Db_Query_Beh...\')\n#3 /srv/www/dev/webCMS/__libs/Fw/Db/db.Query.php(122): spl_autoload_call(\'Fw_Db_Query_Beh...\')\n#4 /srv/www/dev/webCMS/__core/User/Auth.php(198): Fw_Db_Query->select()\n#5 /srv/www/dev/webCMS/__core/User/Auth.php(170): Core\\User\\Auth->byHash(NULL, \'0d0c4ddd7cab825...\')\n#6 /srv/www/dev/webCMS/www/php/flows/Block/Auth.php(35): Core\\User\\Auth->authByPwd(NULL, NULL)\n#7 /srv/www/dev/webCMS/__core/Flow.php(112): App\\Flow\\Block\\Auth->action_login()\n#8 /srv/www/dev/webCMS/__core/Flow.php(71): Core\\Flow->call(\'login\')\n#9 /srv/www/dev/webCMS/__core/Flow.php(130): Core\\Flow->action(\'login\')\n#10 /srv/www/dev/webCMS/www/php/flows/Block/Auth.php(21): Core\\Flow->runChildFlow(\'login\')\n#11 /srv/www/dev/webCMS/__core/Flow.php(112): App\\Flow\\Block\\Auth->action_default()\n#12 /srv/www/dev/webCMS/__core/Flow.php(71): Core\\Flow->call(\'default\')\n#13 /srv/www/dev/webCMS/__core/Flow.php(128): Core\\Flow->action()\n#14 /srv/www/dev/webCMS/www/php/flows/Block.php(21): Core\\Flow->runChildFlow(\'auth\')\n#15 /srv/www/dev/webCMS/__core/Flow.php(112): App\\Flow\\Block->action_default()\n#16 /srv/www/dev/webCMS/__core/Flow.php(71): Core\\Flow->call(\'default\')\n#17 /srv/www/dev/webCMS/__core/Flow.php(128): Core\\Flow->action()\n#18 /srv/www/dev/webCMS/__core/Flow.php(114): Core\\Flow->runChildFlow(\'block\')\n#19 /srv/www/dev/webCMS/__core/Flow.php(71): Core\\Flow->call(\'block\')\n#20 /srv/www/dev/webCMS/__core/Dispatcher.php(130): Core\\Flow->action(\'block\')\n#21 /srv/www/dev/webCMS/__core/Block/Flow.php(41): Core\\Dispatcher->flow(Object(Core\\Input\\Http), Object(Core\\Output\\Http))\n#22 /srv/www/dev/webCMS/__core/Block.php(45): App\\Block\\Login->invoke()\n#23 /srv/www/dev/webCMS/www/php/flows/Main.php(45): Core\\Block::process(Array, Object(Core\\Output\\Http))\n#24 /srv/www/dev/webCMS/__core/Flow.php(69): App\\Flow\\Main->callPre(\'default\')\n#25 /srv/www/dev/webCMS/__core/Flow.php(128): Core\\Flow->action()\n#26 /srv/www/dev/webCMS/__core/Flow.php(114): Core\\Flow->runChildFlow(\'main\')\n#27 /srv/www/dev/webCMS/__core/Flow.php(71): Core\\Flow->call(\'main\')\n#28 /srv/www/dev/webCMS/__core/Dispatcher.php(130): Core\\Flow->action(\'main\')\n#29 /srv/www/dev/webCMS/www/php/html.php(44): Core\\Dispatcher->flow(Object(Core\\Input\\Http), Object(Core\\Output\\Http))\n#30 /srv/www/dev/webCMS/www/public_html/index.php(9): require_once(\'/srv/www/dev/we...\')\n#31 {main}'),(21,'2013-06-28 23:00:15','Exception: Uninitialized string offset: -1','#0 /srv/www/dev/webCMS/__bootstrap/autoload/Loader.php(139): {closure}(8, \'Uninitialized s...\', \'/srv/www/dev/we...\', 139, Array)\n#1 /srv/www/dev/webCMS/__bootstrap/autoload/Autoloader.php(25): VM\\Loader->getFile(\'Fw_Db_Query_Whe...\')\n#2 [internal function]: VM\\Autoloader::load(\'Fw_Db_Query_Whe...\')\n#3 /srv/www/dev/webCMS/__libs/Fw/Db/db.Query.php(225): spl_autoload_call(\'Fw_Db_Query_Whe...\')\n#4 /srv/www/dev/webCMS/__core/User/Auth.php(198): Fw_Db_Query->where(\'login = ?\', NULL)\n#5 /srv/www/dev/webCMS/__core/User/Auth.php(170): Core\\User\\Auth->byHash(NULL, \'0d0c4ddd7cab825...\')\n#6 /srv/www/dev/webCMS/www/php/flows/Block/Auth.php(35): Core\\User\\Auth->authByPwd(NULL, NULL)\n#7 /srv/www/dev/webCMS/__core/Flow.php(112): App\\Flow\\Block\\Auth->action_login()\n#8 /srv/www/dev/webCMS/__core/Flow.php(71): Core\\Flow->call(\'login\')\n#9 /srv/www/dev/webCMS/__core/Flow.php(130): Core\\Flow->action(\'login\')\n#10 /srv/www/dev/webCMS/www/php/flows/Block/Auth.php(21): Core\\Flow->runChildFlow(\'login\')\n#11 /srv/www/dev/webCMS/__core/Flow.php(112): App\\Flow\\Block\\Auth->action_default()\n#12 /srv/www/dev/webCMS/__core/Flow.php(71): Core\\Flow->call(\'default\')\n#13 /srv/www/dev/webCMS/__core/Flow.php(128): Core\\Flow->action()\n#14 /srv/www/dev/webCMS/www/php/flows/Block.php(21): Core\\Flow->runChildFlow(\'auth\')\n#15 /srv/www/dev/webCMS/__core/Flow.php(112): App\\Flow\\Block->action_default()\n#16 /srv/www/dev/webCMS/__core/Flow.php(71): Core\\Flow->call(\'default\')\n#17 /srv/www/dev/webCMS/__core/Flow.php(128): Core\\Flow->action()\n#18 /srv/www/dev/webCMS/__core/Flow.php(114): Core\\Flow->runChildFlow(\'block\')\n#19 /srv/www/dev/webCMS/__core/Flow.php(71): Core\\Flow->call(\'block\')\n#20 /srv/www/dev/webCMS/__core/Dispatcher.php(130): Core\\Flow->action(\'block\')\n#21 /srv/www/dev/webCMS/__core/Block/Flow.php(41): Core\\Dispatcher->flow(Object(Core\\Input\\Http), Object(Core\\Output\\Http))\n#22 /srv/www/dev/webCMS/__core/Block.php(45): App\\Block\\Login->invoke()\n#23 /srv/www/dev/webCMS/www/php/flows/Main.php(45): Core\\Block::process(Array, Object(Core\\Output\\Http))\n#24 /srv/www/dev/webCMS/__core/Flow.php(69): App\\Flow\\Main->callPre(\'default\')\n#25 /srv/www/dev/webCMS/__core/Flow.php(128): Core\\Flow->action()\n#26 /srv/www/dev/webCMS/__core/Flow.php(114): Core\\Flow->runChildFlow(\'main\')\n#27 /srv/www/dev/webCMS/__core/Flow.php(71): Core\\Flow->call(\'main\')\n#28 /srv/www/dev/webCMS/__core/Dispatcher.php(130): Core\\Flow->action(\'main\')\n#29 /srv/www/dev/webCMS/www/php/html.php(44): Core\\Dispatcher->flow(Object(Core\\Input\\Http), Object(Core\\Output\\Http))\n#30 /srv/www/dev/webCMS/www/public_html/index.php(9): require_once(\'/srv/www/dev/we...\')\n#31 {main}'),(22,'2013-06-28 23:00:15','Exception: Uninitialized string offset: -1','#0 /srv/www/dev/webCMS/__bootstrap/autoload/Loader.php(139): {closure}(8, \'Uninitialized s...\', \'/srv/www/dev/we...\', 139, Array)\n#1 /srv/www/dev/webCMS/__bootstrap/autoload/Autoloader.php(25): VM\\Loader->getFile(\'Twig_Loader_Fil...\')\n#2 [internal function]: VM\\Autoloader::load(\'Twig_Loader_Fil...\')\n#3 /srv/www/dev/webCMS/__core/Renderer/Engine.php(28): spl_autoload_call(\'Twig_Loader_Fil...\')\n#4 /srv/www/dev/webCMS/__core/Renderer.php(51): Core\\Renderer\\Engine->init()\n#5 /srv/www/dev/webCMS/__core/Renderer.php(39): Core\\Renderer->getRendererEngine()\n#6 /srv/www/dev/webCMS/__core/Block.php(50): Core\\Renderer::di()\n#7 /srv/www/dev/webCMS/www/php/flows/Main.php(45): Core\\Block::process(Array, Object(Core\\Output\\Http))\n#8 /srv/www/dev/webCMS/__core/Flow.php(69): App\\Flow\\Main->callPre(\'default\')\n#9 /srv/www/dev/webCMS/__core/Flow.php(128): Core\\Flow->action()\n#10 /srv/www/dev/webCMS/__core/Flow.php(114): Core\\Flow->runChildFlow(\'main\')\n#11 /srv/www/dev/webCMS/__core/Flow.php(71): Core\\Flow->call(\'main\')\n#12 /srv/www/dev/webCMS/__core/Dispatcher.php(130): Core\\Flow->action(\'main\')\n#13 /srv/www/dev/webCMS/www/php/html.php(44): Core\\Dispatcher->flow(Object(Core\\Input\\Http), Object(Core\\Output\\Http))\n#14 /srv/www/dev/webCMS/www/public_html/index.php(9): require_once(\'/srv/www/dev/we...\')\n#15 {main}'),(23,'2013-06-28 23:00:15','Exception: Uninitialized string offset: -1','#0 /srv/www/dev/webCMS/__bootstrap/autoload/Loader.php(139): {closure}(8, \'Uninitialized s...\', \'/srv/www/dev/we...\', 139, Array)\n#1 /srv/www/dev/webCMS/__bootstrap/autoload/Autoloader.php(25): VM\\Loader->getFile(\'Twig_LoaderInte...\')\n#2 [internal function]: VM\\Autoloader::load(\'Twig_LoaderInte...\')\n#3 /srv/www/dev/webCMS/__libs/Twig/Loader/Filesystem.php(19): spl_autoload_call(\'Twig_LoaderInte...\')\n#4 /srv/www/dev/webCMS/__libs/Twig/Autoloader.php(43): require(\'/srv/www/dev/we...\')\n#5 [internal function]: Twig_Autoloader::autoload(\'Twig_Loader_Fil...\')\n#6 /srv/www/dev/webCMS/__core/Renderer/Engine.php(28): spl_autoload_call(\'Twig_Loader_Fil...\')\n#7 /srv/www/dev/webCMS/__core/Renderer.php(51): Core\\Renderer\\Engine->init()\n#8 /srv/www/dev/webCMS/__core/Renderer.php(39): Core\\Renderer->getRendererEngine()\n#9 /srv/www/dev/webCMS/__core/Block.php(50): Core\\Renderer::di()\n#10 /srv/www/dev/webCMS/www/php/flows/Main.php(45): Core\\Block::process(Array, Object(Core\\Output\\Http))\n#11 /srv/www/dev/webCMS/__core/Flow.php(69): App\\Flow\\Main->callPre(\'default\')\n#12 /srv/www/dev/webCMS/__core/Flow.php(128): Core\\Flow->action()\n#13 /srv/www/dev/webCMS/__core/Flow.php(114): Core\\Flow->runChildFlow(\'main\')\n#14 /srv/www/dev/webCMS/__core/Flow.php(71): Core\\Flow->call(\'main\')\n#15 /srv/www/dev/webCMS/__core/Dispatcher.php(130): Core\\Flow->action(\'main\')\n#16 /srv/www/dev/webCMS/www/php/html.php(44): Core\\Dispatcher->flow(Object(Core\\Input\\Http), Object(Core\\Output\\Http))\n#17 /srv/www/dev/webCMS/www/public_html/index.php(9): require_once(\'/srv/www/dev/we...\')\n#18 {main}'),(24,'2013-06-28 23:00:15','Exception: Uninitialized string offset: -1','#0 /srv/www/dev/webCMS/__bootstrap/autoload/Loader.php(139): {closure}(8, \'Uninitialized s...\', \'/srv/www/dev/we...\', 139, Array)\n#1 /srv/www/dev/webCMS/__bootstrap/autoload/Autoloader.php(25): VM\\Loader->getFile(\'Twig_Environmen...\')\n#2 [internal function]: VM\\Autoloader::load(\'Twig_Environmen...\')\n#3 /srv/www/dev/webCMS/__core/Renderer/Engine.php(30): spl_autoload_call(\'Twig_Environmen...\')\n#4 /srv/www/dev/webCMS/__core/Renderer.php(51): Core\\Renderer\\Engine->init()\n#5 /srv/www/dev/webCMS/__core/Renderer.php(39): Core\\Renderer->getRendererEngine()\n#6 /srv/www/dev/webCMS/__core/Block.php(50): Core\\Renderer::di()\n#7 /srv/www/dev/webCMS/www/php/flows/Main.php(45): Core\\Block::process(Array, Object(Core\\Output\\Http))\n#8 /srv/www/dev/webCMS/__core/Flow.php(69): App\\Flow\\Main->callPre(\'default\')\n#9 /srv/www/dev/webCMS/__core/Flow.php(128): Core\\Flow->action()\n#10 /srv/www/dev/webCMS/__core/Flow.php(114): Core\\Flow->runChildFlow(\'main\')\n#11 /srv/www/dev/webCMS/__core/Flow.php(71): Core\\Flow->call(\'main\')\n#12 /srv/www/dev/webCMS/__core/Dispatcher.php(130): Core\\Flow->action(\'main\')\n#13 /srv/www/dev/webCMS/www/php/html.php(44): Core\\Dispatcher->flow(Object(Core\\Input\\Http), Object(Core\\Output\\Http))\n#14 /srv/www/dev/webCMS/www/public_html/index.php(9): require_once(\'/srv/www/dev/we...\')\n#15 {main}'),(25,'2013-06-28 23:00:15','Exception: Uninitialized string offset: -1','#0 /srv/www/dev/webCMS/__bootstrap/autoload/Loader.php(139): {closure}(8, \'Uninitialized s...\', \'/srv/www/dev/we...\', 139, Array)\n#1 /srv/www/dev/webCMS/__bootstrap/autoload/Autoloader.php(25): VM\\Loader->getFile(\'Twig_Extension_...\')\n#2 [internal function]: VM\\Autoloader::load(\'Twig_Extension_...\')\n#3 /srv/www/dev/webCMS/__libs/Twig/Environment.php(107): spl_autoload_call(\'Twig_Extension_...\')\n#4 /srv/www/dev/webCMS/__core/Renderer/Engine.php(32): Twig_Environment->__construct(Object(Twig_Loader_Filesystem), Array)\n#5 /srv/www/dev/webCMS/__core/Renderer.php(51): Core\\Renderer\\Engine->init()\n#6 /srv/www/dev/webCMS/__core/Renderer.php(39): Core\\Renderer->getRendererEngine()\n#7 /srv/www/dev/webCMS/__core/Block.php(50): Core\\Renderer::di()\n#8 /srv/www/dev/webCMS/www/php/flows/Main.php(45): Core\\Block::process(Array, Object(Core\\Output\\Http))\n#9 /srv/www/dev/webCMS/__core/Flow.php(69): App\\Flow\\Main->callPre(\'default\')\n#10 /srv/www/dev/webCMS/__core/Flow.php(128): Core\\Flow->action()\n#11 /srv/www/dev/webCMS/__core/Flow.php(114): Core\\Flow->runChildFlow(\'main\')\n#12 /srv/www/dev/webCMS/__core/Flow.php(71): Core\\Flow->call(\'main\')\n#13 /srv/www/dev/webCMS/__core/Dispatcher.php(130): Core\\Flow->action(\'main\')\n#14 /srv/www/dev/webCMS/www/php/html.php(44): Core\\Dispatcher->flow(Object(Core\\Input\\Http), Object(Core\\Output\\Http))\n#15 /srv/www/dev/webCMS/www/public_html/index.php(9): require_once(\'/srv/www/dev/we...\')\n#16 {main}'),(26,'2013-06-28 23:00:15','Exception: Uninitialized string offset: -1','#0 /srv/www/dev/webCMS/__bootstrap/autoload/Loader.php(139): {closure}(8, \'Uninitialized s...\', \'/srv/www/dev/we...\', 139, Array)\n#1 /srv/www/dev/webCMS/__bootstrap/autoload/Autoloader.php(25): VM\\Loader->getFile(\'Twig_Extension\')\n#2 [internal function]: VM\\Autoloader::load(\'Twig_Extension\')\n#3 /srv/www/dev/webCMS/__libs/Twig/Extension/Core.php(16): spl_autoload_call(\'Twig_Extension\')\n#4 /srv/www/dev/webCMS/__libs/Twig/Autoloader.php(43): require(\'/srv/www/dev/we...\')\n#5 [internal function]: Twig_Autoloader::autoload(\'Twig_Extension_...\')\n#6 /srv/www/dev/webCMS/__libs/Twig/Environment.php(107): spl_autoload_call(\'Twig_Extension_...\')\n#7 /srv/www/dev/webCMS/__core/Renderer/Engine.php(32): Twig_Environment->__construct(Object(Twig_Loader_Filesystem), Array)\n#8 /srv/www/dev/webCMS/__core/Renderer.php(51): Core\\Renderer\\Engine->init()\n#9 /srv/www/dev/webCMS/__core/Renderer.php(39): Core\\Renderer->getRendererEngine()\n#10 /srv/www/dev/webCMS/__core/Block.php(50): Core\\Renderer::di()\n#11 /srv/www/dev/webCMS/www/php/flows/Main.php(45): Core\\Block::process(Array, Object(Core\\Output\\Http))\n#12 /srv/www/dev/webCMS/__core/Flow.php(69): App\\Flow\\Main->callPre(\'default\')\n#13 /srv/www/dev/webCMS/__core/Flow.php(128): Core\\Flow->action()\n#14 /srv/www/dev/webCMS/__core/Flow.php(114): Core\\Flow->runChildFlow(\'main\')\n#15 /srv/www/dev/webCMS/__core/Flow.php(71): Core\\Flow->call(\'main\')\n#16 /srv/www/dev/webCMS/__core/Dispatcher.php(130): Core\\Flow->action(\'main\')\n#17 /srv/www/dev/webCMS/www/php/html.php(44): Core\\Dispatcher->flow(Object(Core\\Input\\Http), Object(Core\\Output\\Http))\n#18 /srv/www/dev/webCMS/www/public_html/index.php(9): require_once(\'/srv/www/dev/we...\')\n#19 {main}'),(27,'2013-06-28 23:00:15','Exception: Uninitialized string offset: -1','#0 /srv/www/dev/webCMS/__bootstrap/autoload/Loader.php(139): {closure}(8, \'Uninitialized s...\', \'/srv/www/dev/we...\', 139, Array)\n#1 /srv/www/dev/webCMS/__bootstrap/autoload/Autoloader.php(25): VM\\Loader->getFile(\'Twig_ExtensionI...\')\n#2 [internal function]: VM\\Autoloader::load(\'Twig_ExtensionI...\')\n#3 /srv/www/dev/webCMS/__libs/Twig/Extension.php(12): spl_autoload_call(\'Twig_ExtensionI...\')\n#4 /srv/www/dev/webCMS/__libs/Twig/Autoloader.php(43): require(\'/srv/www/dev/we...\')\n#5 [internal function]: Twig_Autoloader::autoload(\'Twig_Extension\')\n#6 /srv/www/dev/webCMS/__libs/Twig/Extension/Core.php(16): spl_autoload_call(\'Twig_Extension\')\n#7 /srv/www/dev/webCMS/__libs/Twig/Autoloader.php(43): require(\'/srv/www/dev/we...\')\n#8 [internal function]: Twig_Autoloader::autoload(\'Twig_Extension_...\')\n#9 /srv/www/dev/webCMS/__libs/Twig/Environment.php(107): spl_autoload_call(\'Twig_Extension_...\')\n#10 /srv/www/dev/webCMS/__core/Renderer/Engine.php(32): Twig_Environment->__construct(Object(Twig_Loader_Filesystem), Array)\n#11 /srv/www/dev/webCMS/__core/Renderer.php(51): Core\\Renderer\\Engine->init()\n#12 /srv/www/dev/webCMS/__core/Renderer.php(39): Core\\Renderer->getRendererEngine()\n#13 /srv/www/dev/webCMS/__core/Block.php(50): Core\\Renderer::di()\n#14 /srv/www/dev/webCMS/www/php/flows/Main.php(45): Core\\Block::process(Array, Object(Core\\Output\\Http))\n#15 /srv/www/dev/webCMS/__core/Flow.php(69): App\\Flow\\Main->callPre(\'default\')\n#16 /srv/www/dev/webCMS/__core/Flow.php(128): Core\\Flow->action()\n#17 /srv/www/dev/webCMS/__core/Flow.php(114): Core\\Flow->runChildFlow(\'main\')\n#18 /srv/www/dev/webCMS/__core/Flow.php(71): Core\\Flow->call(\'main\')\n#19 /srv/www/dev/webCMS/__core/Dispatcher.php(130): Core\\Flow->action(\'main\')\n#20 /srv/www/dev/webCMS/www/php/html.php(44): Core\\Dispatcher->flow(Object(Core\\Input\\Http), Object(Core\\Output\\Http))\n#21 /srv/www/dev/webCMS/www/public_html/index.php(9): require_once(\'/srv/www/dev/we...\')\n#22 {main}'),(28,'2013-06-28 23:00:15','Exception: Uninitialized string offset: -1','#0 /srv/www/dev/webCMS/__bootstrap/autoload/Loader.php(139): {closure}(8, \'Uninitialized s...\', \'/srv/www/dev/we...\', 139, Array)\n#1 /srv/www/dev/webCMS/__bootstrap/autoload/Autoloader.php(25): VM\\Loader->getFile(\'Twig_Extension_...\')\n#2 [internal function]: VM\\Autoloader::load(\'Twig_Extension_...\')\n#3 /srv/www/dev/webCMS/__libs/Twig/Environment.php(108): spl_autoload_call(\'Twig_Extension_...\')\n#4 /srv/www/dev/webCMS/__core/Renderer/Engine.php(32): Twig_Environment->__construct(Object(Twig_Loader_Filesystem), Array)\n#5 /srv/www/dev/webCMS/__core/Renderer.php(51): Core\\Renderer\\Engine->init()\n#6 /srv/www/dev/webCMS/__core/Renderer.php(39): Core\\Renderer->getRendererEngine()\n#7 /srv/www/dev/webCMS/__core/Block.php(50): Core\\Renderer::di()\n#8 /srv/www/dev/webCMS/www/php/flows/Main.php(45): Core\\Block::process(Array, Object(Core\\Output\\Http))\n#9 /srv/www/dev/webCMS/__core/Flow.php(69): App\\Flow\\Main->callPre(\'default\')\n#10 /srv/www/dev/webCMS/__core/Flow.php(128): Core\\Flow->action()\n#11 /srv/www/dev/webCMS/__core/Flow.php(114): Core\\Flow->runChildFlow(\'main\')\n#12 /srv/www/dev/webCMS/__core/Flow.php(71): Core\\Flow->call(\'main\')\n#13 /srv/www/dev/webCMS/__core/Dispatcher.php(130): Core\\Flow->action(\'main\')\n#14 /srv/www/dev/webCMS/www/php/html.php(44): Core\\Dispatcher->flow(Object(Core\\Input\\Http), Object(Core\\Output\\Http))\n#15 /srv/www/dev/webCMS/www/public_html/index.php(9): require_once(\'/srv/www/dev/we...\')\n#16 {main}'),(29,'2013-06-28 23:00:15','Exception: Uninitialized string offset: -1','#0 /srv/www/dev/webCMS/__bootstrap/autoload/Loader.php(139): {closure}(8, \'Uninitialized s...\', \'/srv/www/dev/we...\', 139, Array)\n#1 /srv/www/dev/webCMS/__bootstrap/autoload/Autoloader.php(25): VM\\Loader->getFile(\'Twig_Extension_...\')\n#2 [internal function]: VM\\Autoloader::load(\'Twig_Extension_...\')\n#3 /srv/www/dev/webCMS/__libs/Twig/Environment.php(109): spl_autoload_call(\'Twig_Extension_...\')\n#4 /srv/www/dev/webCMS/__core/Renderer/Engine.php(32): Twig_Environment->__construct(Object(Twig_Loader_Filesystem), Array)\n#5 /srv/www/dev/webCMS/__core/Renderer.php(51): Core\\Renderer\\Engine->init()\n#6 /srv/www/dev/webCMS/__core/Renderer.php(39): Core\\Renderer->getRendererEngine()\n#7 /srv/www/dev/webCMS/__core/Block.php(50): Core\\Renderer::di()\n#8 /srv/www/dev/webCMS/www/php/flows/Main.php(45): Core\\Block::process(Array, Object(Core\\Output\\Http))\n#9 /srv/www/dev/webCMS/__core/Flow.php(69): App\\Flow\\Main->callPre(\'default\')\n#10 /srv/www/dev/webCMS/__core/Flow.php(128): Core\\Flow->action()\n#11 /srv/www/dev/webCMS/__core/Flow.php(114): Core\\Flow->runChildFlow(\'main\')\n#12 /srv/www/dev/webCMS/__core/Flow.php(71): Core\\Flow->call(\'main\')\n#13 /srv/www/dev/webCMS/__core/Dispatcher.php(130): Core\\Flow->action(\'main\')\n#14 /srv/www/dev/webCMS/www/php/html.php(44): Core\\Dispatcher->flow(Object(Core\\Input\\Http), Object(Core\\Output\\Http))\n#15 /srv/www/dev/webCMS/www/public_html/index.php(9): require_once(\'/srv/www/dev/we...\')\n#16 {main}'),(30,'2013-06-28 23:00:15','Exception: Uninitialized string offset: -1','#0 /srv/www/dev/webCMS/__bootstrap/autoload/Loader.php(139): {closure}(8, \'Uninitialized s...\', \'/srv/www/dev/we...\', 139, Array)\n#1 /srv/www/dev/webCMS/__bootstrap/autoload/Autoloader.php(25): VM\\Loader->getFile(\'Twig_Template\')\n#2 [internal function]: VM\\Autoloader::load(\'Twig_Template\')\n#3 /srv/www/dev/webCMS/www/templates/__c/ec/30/33ef523f5bee0af7ff40858baa03.php(5): spl_autoload_call(\'Twig_Template\')\n#4 /srv/www/dev/webCMS/__libs/Twig/Environment.php(326): require_once(\'/srv/www/dev/we...\')\n#5 /srv/www/dev/webCMS/__core/Renderer/Engine.php(51): Twig_Environment->loadTemplate(\'block/auth/logi...\')\n#6 /srv/www/dev/webCMS/__core/Renderer.php(74): Core\\Renderer\\Engine->render(Array, \'block/auth/logi...\')\n#7 /srv/www/dev/webCMS/__core/Renderer/Http.php(27): Core\\Renderer->renderInner(Object(Core\\Output\\Http), \'block/auth/logi...\')\n#8 /srv/www/dev/webCMS/__core/Block.php(50): Core\\Renderer\\Http->render(Object(Core\\Output\\Http), \'block/auth/logi...\')\n#9 /srv/www/dev/webCMS/www/php/flows/Main.php(45): Core\\Block::process(Array, Object(Core\\Output\\Http))\n#10 /srv/www/dev/webCMS/__core/Flow.php(69): App\\Flow\\Main->callPre(\'default\')\n#11 /srv/www/dev/webCMS/__core/Flow.php(128): Core\\Flow->action()\n#12 /srv/www/dev/webCMS/__core/Flow.php(114): Core\\Flow->runChildFlow(\'main\')\n#13 /srv/www/dev/webCMS/__core/Flow.php(71): Core\\Flow->call(\'main\')\n#14 /srv/www/dev/webCMS/__core/Dispatcher.php(130): Core\\Flow->action(\'main\')\n#15 /srv/www/dev/webCMS/www/php/html.php(44): Core\\Dispatcher->flow(Object(Core\\Input\\Http), Object(Core\\Output\\Http))\n#16 /srv/www/dev/webCMS/www/public_html/index.php(9): require_once(\'/srv/www/dev/we...\')\n#17 {main}'),(31,'2013-06-28 23:00:15','Exception: Uninitialized string offset: -1','#0 /srv/www/dev/webCMS/__bootstrap/autoload/Loader.php(139): {closure}(8, \'Uninitialized s...\', \'/srv/www/dev/we...\', 139, Array)\n#1 /srv/www/dev/webCMS/__bootstrap/autoload/Autoloader.php(25): VM\\Loader->getFile(\'Twig_TemplateIn...\')\n#2 [internal function]: VM\\Autoloader::load(\'Twig_TemplateIn...\')\n#3 /srv/www/dev/webCMS/__libs/Twig/Template.php(20): spl_autoload_call(\'Twig_TemplateIn...\')\n#4 /srv/www/dev/webCMS/__libs/Twig/Autoloader.php(43): require(\'/srv/www/dev/we...\')\n#5 [internal function]: Twig_Autoloader::autoload(\'Twig_Template\')\n#6 /srv/www/dev/webCMS/www/templates/__c/ec/30/33ef523f5bee0af7ff40858baa03.php(5): spl_autoload_call(\'Twig_Template\')\n#7 /srv/www/dev/webCMS/__libs/Twig/Environment.php(326): require_once(\'/srv/www/dev/we...\')\n#8 /srv/www/dev/webCMS/__core/Renderer/Engine.php(51): Twig_Environment->loadTemplate(\'block/auth/logi...\')\n#9 /srv/www/dev/webCMS/__core/Renderer.php(74): Core\\Renderer\\Engine->render(Array, \'block/auth/logi...\')\n#10 /srv/www/dev/webCMS/__core/Renderer/Http.php(27): Core\\Renderer->renderInner(Object(Core\\Output\\Http), \'block/auth/logi...\')\n#11 /srv/www/dev/webCMS/__core/Block.php(50): Core\\Renderer\\Http->render(Object(Core\\Output\\Http), \'block/auth/logi...\')\n#12 /srv/www/dev/webCMS/www/php/flows/Main.php(45): Core\\Block::process(Array, Object(Core\\Output\\Http))\n#13 /srv/www/dev/webCMS/__core/Flow.php(69): App\\Flow\\Main->callPre(\'default\')\n#14 /srv/www/dev/webCMS/__core/Flow.php(128): Core\\Flow->action()\n#15 /srv/www/dev/webCMS/__core/Flow.php(114): Core\\Flow->runChildFlow(\'main\')\n#16 /srv/www/dev/webCMS/__core/Flow.php(71): Core\\Flow->call(\'main\')\n#17 /srv/www/dev/webCMS/__core/Dispatcher.php(130): Core\\Flow->action(\'main\')\n#18 /srv/www/dev/webCMS/www/php/html.php(44): Core\\Dispatcher->flow(Object(Core\\Input\\Http), Object(Core\\Output\\Http))\n#19 /srv/www/dev/webCMS/www/public_html/index.php(9): require_once(\'/srv/www/dev/we...\')\n#20 {main}'),(32,'2013-06-28 23:00:15','Exception: Uninitialized string offset: -1','#0 /srv/www/dev/webCMS/__bootstrap/autoload/Loader.php(139): {closure}(8, \'Uninitialized s...\', \'/srv/www/dev/we...\', 139, Array)\n#1 /srv/www/dev/webCMS/__bootstrap/autoload/Autoloader.php(25): VM\\Loader->getFile(\'App\\Flow\\Blog\')\n#2 [internal function]: VM\\Autoloader::load(\'App\\Flow\\Blog\')\n#3 [internal function]: spl_autoload_call(\'App\\Flow\\Blog\')\n#4 /srv/www/dev/webCMS/__core/Flow.php(155): class_exists(\'App\\Flow\\Blog\')\n#5 /srv/www/dev/webCMS/__core/Flow.php(124): Core\\Flow->getFlow(\'blog\')\n#6 /srv/www/dev/webCMS/www/php/flows/Main.php(26): Core\\Flow->runChildFlow(\'blog\')\n#7 /srv/www/dev/webCMS/__core/Flow.php(112): App\\Flow\\Main->action_default()\n#8 /srv/www/dev/webCMS/__core/Flow.php(71): Core\\Flow->call(\'default\')\n#9 /srv/www/dev/webCMS/__core/Flow.php(128): Core\\Flow->action()\n#10 /srv/www/dev/webCMS/__core/Flow.php(114): Core\\Flow->runChildFlow(\'main\')\n#11 /srv/www/dev/webCMS/__core/Flow.php(71): Core\\Flow->call(\'main\')\n#12 /srv/www/dev/webCMS/__core/Dispatcher.php(130): Core\\Flow->action(\'main\')\n#13 /srv/www/dev/webCMS/www/php/html.php(44): Core\\Dispatcher->flow(Object(Core\\Input\\Http), Object(Core\\Output\\Http))\n#14 /srv/www/dev/webCMS/www/public_html/index.php(9): require_once(\'/srv/www/dev/we...\')\n#15 {main}'),(33,'2013-06-28 23:00:16','Exception: Uninitialized string offset: -1','#0 /srv/www/dev/webCMS/__bootstrap/autoload/Loader.php(139): {closure}(8, \'Uninitialized s...\', \'/srv/www/dev/we...\', 139, Array)\n#1 /srv/www/dev/webCMS/__bootstrap/autoload/Autoloader.php(25): VM\\Loader->getFile(\'App\\Block\\Nav\')\n#2 [internal function]: VM\\Autoloader::load(\'App\\Block\\Nav\')\n#3 /srv/www/dev/webCMS/www/php/flows/Main.php(49): spl_autoload_call(\'App\\Block\\Nav\')\n#4 /srv/www/dev/webCMS/__core/Flow.php(73): App\\Flow\\Main->callPost(NULL)\n#5 /srv/www/dev/webCMS/__core/Flow.php(128): Core\\Flow->action()\n#6 /srv/www/dev/webCMS/__core/Flow.php(114): Core\\Flow->runChildFlow(\'main\')\n#7 /srv/www/dev/webCMS/__core/Flow.php(71): Core\\Flow->call(\'main\')\n#8 /srv/www/dev/webCMS/__core/Dispatcher.php(130): Core\\Flow->action(\'main\')\n#9 /srv/www/dev/webCMS/www/php/html.php(44): Core\\Dispatcher->flow(Object(Core\\Input\\Http), Object(Core\\Output\\Http))\n#10 /srv/www/dev/webCMS/www/public_html/index.php(9): require_once(\'/srv/www/dev/we...\')\n#11 {main}'),(34,'2013-06-29 00:07:57','Exception: Argument 3 passed to Core\\Exception::__construct() must be an instance of Core\\Exception, instance of Exception given, called in /srv/www/dev/webCMS/__bootstrap/boost.php on line 36 and defined','#0 /srv/www/dev/webCMS/__core/Exception.php(19): {closure}(4096, \'Argument 3 pass...\', \'/srv/www/dev/we...\', 19, Array)\n#1 /srv/www/dev/webCMS/__bootstrap/boost.php(36): Core\\Exception->__construct(\'Flow class <b>A...\', 0, Object(Exception))\n#2 [internal function]: {closure}(Object(Exception))\n#3 {main}'),(35,'2013-06-29 00:07:57','Exception: Flow class <b>App\\Flow\\Galleryі not found</b>','#0 [internal function]: {closure}(Object(Exception))\n#1 {main}'),(36,'2013-06-29 00:11:58','Exception: Argument 3 passed to Core\\Exception::__construct() must be an instance of Core\\Exception, instance of Exception given, called in /srv/www/dev/webCMS/__bootstrap/boost.php on line 36 and defined','#0 /srv/www/dev/webCMS/__core/Exception.php(19): {closure}(4096, \'Argument 3 pass...\', \'/srv/www/dev/we...\', 19, Array)\n#1 /srv/www/dev/webCMS/__bootstrap/boost.php(36): Core\\Exception->__construct(\'Flow class <b>A...\', 0, Object(Exception))\n#2 [internal function]: {closure}(Object(Exception))\n#3 {main}'),(37,'2013-06-29 00:11:58','Exception: Flow class <b>App\\Flow\\Galleryі not found</b>','#0 [internal function]: {closure}(Object(Exception))\n#1 {main}'),(38,'2013-06-29 01:54:42','Exception: Undefined index: funciton','#0 /srv/www/dev/webCMS/__libs/Fw/Db/db.Query.php(346): {closure}(8, \'Undefined index...\', \'/srv/www/dev/we...\', 346, Array)\n#1 /srv/www/dev/webCMS/__libs/Fw/Db/db.Query.php(320): Fw_Db_Query->_fetch(true)\n#2 /srv/www/dev/webCMS/__core/User/Auth.php(200): Fw_Db_Query->fetchRow()\n#3 /srv/www/dev/webCMS/__core/User/Auth.php(170): Core\\User\\Auth->byHash(NULL, \'0d0c4ddd7cab825...\')\n#4 /srv/www/dev/webCMS/www/php/flows/Block/Auth.php(35): Core\\User\\Auth->authByPwd(NULL, NULL)\n#5 /srv/www/dev/webCMS/__core/Flow.php(104): App\\Flow\\Block\\Auth->action_login()\n#6 /srv/www/dev/webCMS/__core/Flow.php(73): Core\\Flow->call(\'login\')\n#7 /srv/www/dev/webCMS/__core/Flow.php(142): Core\\Flow->action(\'login\')\n#8 /srv/www/dev/webCMS/www/php/flows/Block/Auth.php(21): Core\\Flow->runChildFlow(\'login\')\n#9 /srv/www/dev/webCMS/__core/Flow.php(104): App\\Flow\\Block\\Auth->action_default()\n#10 /srv/www/dev/webCMS/__core/Flow.php(73): Core\\Flow->call(\'default\')\n#11 /srv/www/dev/webCMS/__core/Flow.php(140): Core\\Flow->action()\n#12 /srv/www/dev/webCMS/www/php/flows/Block.php(21): Core\\Flow->runChildFlow(\'auth\')\n#13 /srv/www/dev/webCMS/__core/Flow.php(104): App\\Flow\\Block->action_default()\n#14 /srv/www/dev/webCMS/__core/Flow.php(73): Core\\Flow->call(\'default\')\n#15 /srv/www/dev/webCMS/__core/Flow.php(140): Core\\Flow->action()\n#16 /srv/www/dev/webCMS/__core/Flow.php(106): Core\\Flow->runChildFlow(\'block\')\n#17 /srv/www/dev/webCMS/__core/Flow.php(73): Core\\Flow->call(\'block\')\n#18 /srv/www/dev/webCMS/__core/Dispatcher.php(115): Core\\Flow->action(\'block\')\n#19 /srv/www/dev/webCMS/__core/Block/Flow.php(41): Core\\Dispatcher->flow(Object(Core\\Input\\Http), Object(Core\\Output\\Http))\n#20 /srv/www/dev/webCMS/__core/Block.php(45): App\\Block\\Login->invoke()\n#21 /srv/www/dev/webCMS/www/php/flows/Main.php(45): Core\\Block::process(Array, Object(Core\\Output\\Http))\n#22 /srv/www/dev/webCMS/__core/Flow.php(71): App\\Flow\\Main->callPre(\'default\')\n#23 /srv/www/dev/webCMS/__core/Flow.php(140): Core\\Flow->action()\n#24 /srv/www/dev/webCMS/__core/Flow.php(106): Core\\Flow->runChildFlow(\'main\')\n#25 /srv/www/dev/webCMS/__core/Flow.php(73): Core\\Flow->call(\'main\')\n#26 /srv/www/dev/webCMS/__core/Dispatcher.php(115): Core\\Flow->action(\'main\')\n#27 /srv/www/dev/webCMS/www/php/html.php(44): Core\\Dispatcher->flow(Object(Core\\Input\\Http), Object(Core\\Output\\Http))\n#28 /srv/www/dev/webCMS/www/public_html/index.php(7): require_once(\'/srv/www/dev/we...\')\n#29 {main}'),(39,'2013-06-29 01:54:42','Exception: Undefined index: funciton','#0 /srv/www/dev/webCMS/__libs/Fw/Db/db.Query.php(346): {closure}(8, \'Undefined index...\', \'/srv/www/dev/we...\', 346, Array)\n#1 /srv/www/dev/webCMS/__libs/Fw/Db/db.Query.php(320): Fw_Db_Query->_fetch(true)\n#2 /srv/www/dev/webCMS/www/php/model/Album.php(132): Fw_Db_Query->fetchRow()\n#3 /srv/www/dev/webCMS/www/php/flows/Gallery.php(50): App\\Album::getById(\'2\')\n#4 /srv/www/dev/webCMS/__core/Flow.php(104): App\\Flow\\Gallery->action_view()\n#5 /srv/www/dev/webCMS/__core/Flow.php(73): Core\\Flow->call(\'view\')\n#6 /srv/www/dev/webCMS/__core/Flow.php(142): Core\\Flow->action(\'view\')\n#7 /srv/www/dev/webCMS/www/php/flows/Gallery.php(30): Core\\Flow->runChildFlow(\'view\')\n#8 /srv/www/dev/webCMS/__core/Flow.php(104): App\\Flow\\Gallery->action_default()\n#9 /srv/www/dev/webCMS/__core/Flow.php(73): Core\\Flow->call(\'default\')\n#10 /srv/www/dev/webCMS/__core/Flow.php(140): Core\\Flow->action()\n#11 /srv/www/dev/webCMS/www/php/flows/Main.php(26): Core\\Flow->runChildFlow(\'gallery\')\n#12 /srv/www/dev/webCMS/__core/Flow.php(104): App\\Flow\\Main->action_default()\n#13 /srv/www/dev/webCMS/__core/Flow.php(73): Core\\Flow->call(\'default\')\n#14 /srv/www/dev/webCMS/__core/Flow.php(140): Core\\Flow->action()\n#15 /srv/www/dev/webCMS/__core/Flow.php(106): Core\\Flow->runChildFlow(\'main\')\n#16 /srv/www/dev/webCMS/__core/Flow.php(73): Core\\Flow->call(\'main\')\n#17 /srv/www/dev/webCMS/__core/Dispatcher.php(115): Core\\Flow->action(\'main\')\n#18 /srv/www/dev/webCMS/www/php/html.php(44): Core\\Dispatcher->flow(Object(Core\\Input\\Http), Object(Core\\Output\\Http))\n#19 /srv/www/dev/webCMS/www/public_html/index.php(7): require_once(\'/srv/www/dev/we...\')\n#20 {main}'),(40,'2013-06-29 01:54:42','Exception: Undefined index: funciton','#0 /srv/www/dev/webCMS/__libs/Fw/Db/db.Query.php(346): {closure}(8, \'Undefined index...\', \'/srv/www/dev/we...\', 346, Array)\n#1 /srv/www/dev/webCMS/__libs/Fw/Db/db.Query.php(320): Fw_Db_Query->_fetch(true)\n#2 /srv/www/dev/webCMS/__core/User/Data.php(93): Fw_Db_Query->fetchRow()\n#3 /srv/www/dev/webCMS/__core/User/Data.php(70): Core\\User\\Data->init(\'1\')\n#4 /srv/www/dev/webCMS/__core/User.php(207): Core\\User\\Data::f(\'1\')\n#5 /srv/www/dev/webCMS/__core/User.php(106): Core\\User->setData(\'1\')\n#6 /srv/www/dev/webCMS/www/php/model/Album.php(41): Core\\User::i(\'1\')\n#7 /srv/www/dev/webCMS/__libs/Twig/Template.php(395): App\\Album->__get(\'Author\')\n#8 /srv/www/dev/webCMS/www/templates/__c/38/24/2b4f4853b434ad09ef33f4e3a232.php(38): Twig_Template->getAttribute(Object(App\\Album), \'Author\')\n#9 [internal function]: __TwigTemplate_38242b4f4853b434ad09ef33f4e3a232->block_content_gallery(Array, Array)\n#10 /srv/www/dev/webCMS/__libs/Twig/Template.php(134): call_user_func(Array, Array, Array)\n#11 /srv/www/dev/webCMS/www/templates/__c/f1/42/7887964b8b2a13ec4b95445f7a7b.php(43): Twig_Template->displayBlock(\'content_gallery\', Array, Array)\n#12 [internal function]: __TwigTemplate_f1427887964b8b2a13ec4b95445f7a7b->block_content(Array, Array)\n#13 /srv/www/dev/webCMS/__libs/Twig/Template.php(134): call_user_func(Array, Array, Array)\n#14 /srv/www/dev/webCMS/www/templates/__c/0a/23/101fa4a26df14b4d39619733781a.php(48): Twig_Template->displayBlock(\'content\', Array, Array)\n#15 /srv/www/dev/webCMS/__libs/Twig/Template.php(265): __TwigTemplate_0a23101fa4a26df14b4d39619733781a->doDisplay(Array, Array)\n#16 /srv/www/dev/webCMS/__libs/Twig/Template.php(239): Twig_Template->displayWithErrorHandling(Array, Array)\n#17 /srv/www/dev/webCMS/www/templates/__c/f1/42/7887964b8b2a13ec4b95445f7a7b.php(26): Twig_Template->display(Array, Array)\n#18 /srv/www/dev/webCMS/__libs/Twig/Template.php(265): __TwigTemplate_f1427887964b8b2a13ec4b95445f7a7b->doDisplay(Array, Array)\n#19 /srv/www/dev/webCMS/__libs/Twig/Template.php(239): Twig_Template->displayWithErrorHandling(Array, Array)\n#20 /srv/www/dev/webCMS/www/templates/__c/38/24/2b4f4853b434ad09ef33f4e3a232.php(24): Twig_Template->display(Array, Array)\n#21 /srv/www/dev/webCMS/__libs/Twig/Template.php(265): __TwigTemplate_38242b4f4853b434ad09ef33f4e3a232->doDisplay(Array, Array)\n#22 /srv/www/dev/webCMS/__libs/Twig/Template.php(239): Twig_Template->displayWithErrorHandling(Array, Array)\n#23 /srv/www/dev/webCMS/__libs/Twig/Template.php(250): Twig_Template->display(Array)\n#24 /srv/www/dev/webCMS/__core/Renderer/Engine.php(53): Twig_Template->render(Array)\n#25 /srv/www/dev/webCMS/__core/Renderer.php(74): Core\\Renderer\\Engine->render(Array, \'gallery/view\')\n#26 /srv/www/dev/webCMS/__core/Renderer/Http.php(27): Core\\Renderer->renderInner(Object(Core\\Output\\Http), \'gallery/view\')\n#27 /srv/www/dev/webCMS/www/php/html.php(49): Core\\Renderer\\Http->render(Object(Core\\Output\\Http), \'gallery/view\')\n#28 /srv/www/dev/webCMS/www/public_html/index.php(7): require_once(\'/srv/www/dev/we...\')\n#29 {main}');

/*Table structure for table `user_auths` */

DROP TABLE IF EXISTS `user_auths`;

CREATE TABLE `user_auths` (
  `auth_id` int(10) unsigned NOT NULL AUTO_INCREMENT,
  `user_id` int(10) unsigned NOT NULL,
  `login` varchar(54) NOT NULL,
  `hash` char(40) NOT NULL,
  PRIMARY KEY (`auth_id`),
  UNIQUE KEY `login` (`login`),
  KEY `FK_user_auths_user_id` (`user_id`),
  CONSTRAINT `FK_user_auths_user_id` FOREIGN KEY (`user_id`) REFERENCES `users` (`user_id`) ON DELETE CASCADE ON UPDATE CASCADE
) ENGINE=InnoDB AUTO_INCREMENT=8 DEFAULT CHARSET=utf8;

/*Data for the table `user_auths` */

insert  into `user_auths`(`auth_id`,`user_id`,`login`,`hash`) values (1,1,'someLogin','d763bba346510be03d985770878b157f8a382fcb'),(4,4,'someLogin1','343eafb0124d884a35cc8a8dd2df891a11558c86'),(5,5,'someLogin8','399579d71274c4e396bfecc3e49b85bd8f4e36e5'),(6,6,'someLoginyyyy','50bb44716d9cdf2cd12c95b89c3316aa4cc5787d'),(7,14,'slevin','2a7423380fe1d60224511a53607e89aeff69e5ec');

/*Table structure for table `users` */

DROP TABLE IF EXISTS `users`;

CREATE TABLE `users` (
  `user_id` int(10) unsigned NOT NULL AUTO_INCREMENT,
  `email` varchar(54) NOT NULL,
  `date_created` timestamp NOT NULL DEFAULT CURRENT_TIMESTAMP,
  `username` varchar(255) DEFAULT NULL,
  PRIMARY KEY (`user_id`)
) ENGINE=InnoDB AUTO_INCREMENT=15 DEFAULT CHARSET=utf8;

/*Data for the table `users` */

insert  into `users`(`user_id`,`email`,`date_created`,`username`) values (1,'example@example.com','2012-06-14 11:48:39','Ahaha!'),(4,'example@example.com','2012-06-15 16:37:13','User Userovich 2'),(5,'example@example.com7','2012-08-03 18:00:32','User Userovich'),(6,'example@example.com6','2012-08-03 18:06:47','User Userovich'),(7,'example@example.com','2012-11-16 01:00:09','User Userovich'),(8,'example@example.com','2012-11-16 01:01:12','User Userovich'),(9,'example@example.com','2012-11-16 01:02:22','User Userovich'),(10,'example@example.com','2012-11-16 01:04:54','User Userovich'),(11,'example@example.com','2012-11-16 01:06:09','User Userovich'),(12,'example@example.com','2012-11-16 01:10:41','User Userovich'),(13,'example@example.com','2012-11-16 01:11:37','User Userovich'),(14,'exampleeeeeeeeee@example.com','2012-11-16 01:28:22','User Userovich');

/*!40101 SET SQL_MODE=@OLD_SQL_MODE */;
/*!40014 SET FOREIGN_KEY_CHECKS=@OLD_FOREIGN_KEY_CHECKS */;
/*!40014 SET UNIQUE_CHECKS=@OLD_UNIQUE_CHECKS */;
/*!40111 SET SQL_NOTES=@OLD_SQL_NOTES */;
